,country
0,US
1,US
2,US
3,US
4,US
5,US
6,US
7,US
8,US
9,US
10,US
11,US
12,US
13,US
14,US
15,US
16,US
17,US
18,US
19,US
20,US
21,US
22,US
23,US
24,US
25,US
26,US
27,US
28,US
29,US
30,US
31,US
32,US
33,US
34,US
35,US
36,US
37,US
38,US
39,US
40,US
41,US
42,US
43,US
44,US
45,US
46,US
47,US
48,US
49,US
50,US
51,US
52,US
53,US
54,US
55,US
56,US
57,US
58,US
59,US
60,US
61,US
62,US
63,US
64,US
65,US
66,US
67,US
68,US
69,US
70,US
71,US
72,US
73,US
74,US
75,US
76,US
77,US
78,US
79,US
80,US
81,US
82,US
83,US
84,US
85,US
86,US
87,US
88,US
89,US
90,US
91,US
92,US
93,US
94,US
95,US
96,US
97,US
98,US
99,US
100,US
101,US
102,US
103,US
104,US
105,US
106,US
107,US
108,US
109,US
110,US
111,US
112,US
113,US
114,US
115,US
116,US
117,US
118,US
119,US
120,US
121,US
122,US
123,US
124,US
125,US
126,US
127,US
128,US
129,US
130,US
131,US
132,US
133,US
134,US
135,US
136,US
137,US
138,US
139,US
140,US
141,US
142,US
143,US
144,US
145,US
146,US
147,US
148,US
149,US
150,US
151,US
152,US
153,US
154,US
155,US
156,US
157,US
158,US
159,US
160,US
161,US
162,US
163,US
164,US
165,US
166,US
167,US
168,US
169,US
170,US
171,US
172,US
173,US
174,US
175,US
176,US
177,US
178,US
179,US
180,US
181,US
182,US
183,US
184,US
185,US
186,US
187,US
188,US
189,US
190,US
191,US
192,US
193,US
194,US
195,US
196,US
197,US
198,US
199,US
200,US
201,US
202,US
203,US
204,US
205,US
206,US
207,US
208,US
209,US
210,US
211,US
212,US
213,US
214,US
215,US
216,US
217,US
218,US
219,US
220,US
221,US
222,US
223,US
224,US
225,US
226,US
227,US
228,US
229,US
230,US
231,US
232,US
233,US
234,US
235,US
236,US
237,US
238,US
239,US
240,US
241,US
242,US
243,US
244,US
245,US
246,US
247,US
248,US
249,US
250,US
251,US
252,US
253,US
254,US
255,US
256,US
257,US
258,US
259,US
260,US
261,US
262,US
263,US
264,US
265,US
266,US
267,US
268,US
269,US
270,US
271,US
272,US
273,US
274,US
275,US
276,US
277,US
278,US
279,US
280,US
281,US
282,US
283,US
284,US
285,US
286,US
287,US
288,US
289,US
290,US
291,US
292,US
293,US
294,US
295,US
296,US
297,US
298,US
299,US
300,US
301,US
302,US
303,US
304,US
305,US
306,US
307,US
308,US
309,US
310,US
311,US
312,US
313,US
314,US
315,US
316,US
317,US
318,US
319,US
320,US
321,US
322,US
323,US
324,US
325,US
326,US
327,US
328,US
329,US
330,US
331,US
332,US
333,US
334,US
335,US
336,US
337,US
338,US
339,US
340,US
341,US
342,US
343,US
344,US
345,US
346,US
347,US
348,US
349,US
350,US
351,US
352,US
353,US
354,US
355,US
356,US
357,US
358,US
359,US
360,US
361,US
362,US
363,US
364,US
365,US
366,US
367,US
368,US
369,US
370,US
371,US
372,US
373,US
374,US
375,US
376,US
377,US
378,US
379,US
380,US
381,US
382,US
383,US
384,US
385,US
386,US
387,US
388,US
389,US
390,US
391,US
392,US
393,US
394,US
395,US
396,US
397,US
398,US
399,US
400,US
401,US
402,US
403,US
404,US
405,US
406,US
407,US
408,US
409,US
410,US
411,US
412,US
413,US
414,US
415,US
416,US
417,US
418,US
419,US
420,US
421,US
422,US
423,US
424,US
425,US
426,US
427,US
428,US
429,US
430,US
431,US
432,US
433,US
434,US
435,US
436,US
437,US
438,US
439,US
440,US
441,US
442,US
443,US
444,US
445,US
446,US
447,US
448,US
449,US
450,US
451,US
452,US
453,US
454,US
455,US
456,US
457,US
458,US
459,US
460,US
461,US
462,US
463,US
464,US
465,US
466,US
467,US
468,US
469,US
470,US
471,US
472,US
473,US
474,US
475,US
476,US
477,US
478,US
479,US
480,US
481,US
482,US
483,US
484,US
485,US
486,US
487,US
488,US
489,US
490,US
491,US
492,US
493,US
494,US
495,US
496,US
497,US
498,US
499,US
500,US
501,US
502,US
503,US
504,US
505,US
506,US
507,US
508,US
509,US
510,US
511,US
512,US
513,US
514,US
515,US
516,US
517,US
518,US
519,US
520,US
521,US
522,US
523,US
524,US
525,US
526,US
527,US
528,US
529,US
530,US
531,US
532,US
533,US
534,US
535,US
536,US
537,US
538,US
539,US
540,US
541,US
542,US
543,US
544,US
545,US
546,US
547,US
548,US
549,US
550,US
551,US
552,US
553,US
554,US
555,US
556,US
557,US
558,US
559,US
560,US
561,US
562,US
563,US
564,US
565,US
566,US
567,US
568,US
569,US
570,US
571,US
572,US
573,US
574,US
575,US
576,US
577,US
578,US
579,US
580,US
581,US
582,US
583,US
584,US
585,US
586,US
587,US
588,US
589,US
590,US
591,US
592,US
593,US
594,US
595,US
596,US
597,US
598,US
599,US
600,US
601,US
602,US
603,US
604,US
605,US
606,US
607,US
608,US
609,US
610,US
611,US
612,US
613,US
614,US
615,US
616,US
617,US
618,US
619,US
620,US
621,US
622,US
623,US
624,US
625,US
626,US
627,US
628,US
629,US
630,US
631,US
632,US
633,US
634,US
635,US
636,US
637,US
638,US
639,US
640,US
641,US
642,US
643,US
644,US
645,US
646,US
647,US
648,US
649,US
650,US
651,US
652,US
653,US
654,US
655,US
656,US
657,US
658,US
659,US
660,US
661,US
662,US
663,US
664,US
665,US
666,US
667,US
668,US
669,US
670,US
671,US
672,US
673,US
674,US
675,US
676,US
677,US
678,US
679,US
680,US
681,US
682,US
683,US
684,US
685,US
686,US
687,US
688,US
689,US
690,US
691,US
692,US
693,US
694,US
695,US
696,US
697,US
698,US
699,US
700,US
701,US
702,US
703,US
704,US
705,US
706,US
707,US
708,US
709,US
710,US
711,US
712,US
713,US
714,US
715,US
716,US
717,US
718,US
719,US
720,US
721,US
722,US
723,US
724,US
725,US
726,US
727,US
728,US
729,US
730,US
731,US
732,US
733,US
734,US
735,US
736,US
737,US
738,US
739,US
740,US
741,US
742,US
743,US
744,US
745,US
746,US
747,US
748,US
749,US
750,US
751,US
752,US
753,US
754,US
755,US
756,US
757,US
758,US
759,US
760,US
761,US
762,US
763,US
764,US
765,US
766,US
767,US
768,US
769,US
770,US
771,US
772,US
773,US
774,US
775,US
776,US
777,US
778,US
779,US
780,US
781,US
782,US
783,US
784,US
785,US
786,US
787,US
788,US
789,US
790,US
791,US
792,US
793,US
794,US
795,US
796,US
797,US
798,US
799,US
800,US
801,US
802,US
803,US
804,US
805,US
806,US
807,US
808,US
809,US
810,US
811,US
812,US
813,US
814,US
815,US
816,US
817,US
818,US
819,US
820,US
821,US
822,US
823,US
824,US
825,US
826,US
827,US
828,US
829,US
830,US
831,US
832,US
833,US
834,US
835,US
836,US
837,US
838,US
839,US
840,US
841,US
842,US
843,US
844,US
845,US
846,US
847,US
848,US
849,US
850,US
851,US
852,US
853,US
854,US
855,US
856,US
857,US
858,US
859,US
860,US
861,US
862,US
863,US
864,US
865,US
866,US
867,US
868,US
869,US
870,US
871,US
872,US
873,US
874,US
875,US
876,US
877,US
878,US
879,US
880,US
881,US
882,US
883,US
884,US
885,US
886,US
887,US
888,US
889,US
890,US
891,US
892,US
893,US
894,US
895,US
896,US
897,US
898,US
899,US
900,US
901,US
902,US
903,US
904,US
905,US
906,US
907,US
908,US
909,US
910,US
911,US
912,US
913,US
914,US
915,US
916,US
917,US
918,US
919,US
920,US
921,US
922,US
923,US
924,US
925,US
926,US
927,US
928,US
929,US
930,US
931,US
932,US
933,US
934,US
935,US
936,US
937,US
938,US
939,US
940,US
941,US
942,US
943,US
944,US
945,US
946,US
947,US
948,US
949,US
950,US
951,US
952,US
953,US
954,US
955,US
956,US
957,US
958,US
959,US
960,US
961,US
962,US
963,US
964,US
965,US
966,US
967,US
968,US
969,US
970,US
971,US
972,US
973,US
974,US
975,US
976,US
977,US
978,US
979,US
980,US
981,US
982,US
983,US
984,US
985,US
986,US
987,US
988,US
989,US
990,US
991,US
992,US
993,US
994,US
995,US
996,US
997,US
998,US
999,US
1000,US
1001,US
1002,US
1003,US
1004,US
1005,US
1006,US
1007,US
1008,US
1009,US
1010,US
1011,US
1012,US
1013,US
1014,US
1015,US
1016,US
1017,US
1018,US
1019,US
1020,US
1021,US
1022,US
1023,US
1024,US
1025,US
1026,US
1027,US
1028,US
1029,US
1030,US
1031,US
1032,US
1033,US
1034,US
1035,US
1036,US
1037,US
1038,US
1039,US
1040,US
1041,US
1042,US
1043,US
1044,US
1045,US
1046,US
1047,US
1048,US
1049,US
1050,US
1051,US
1052,US
1053,US
1054,US
1055,US
1056,US
1057,US
1058,US
1059,US
1060,US
1061,US
1062,US
1063,US
1064,US
1065,US
1066,US
1067,US
1068,US
1069,US
1070,US
1071,US
1072,US
1073,US
1074,US
1075,US
1076,US
1077,US
1078,US
1079,US
1080,US
1081,US
1082,US
1083,US
1084,US
1085,US
1086,US
1087,US
1088,US
1089,US
1090,US
1091,US
1092,US
1093,US
1094,US
1095,US
1096,US
1097,US
1098,US
1099,US
1100,US
1101,US
1102,US
1103,US
1104,US
1105,US
1106,US
1107,US
1108,US
1109,US
1110,US
1111,US
1112,US
1113,US
1114,US
1115,US
1116,US
1117,US
1118,US
1119,US
1120,US
1121,US
1122,US
1123,US
1124,US
1125,US
1126,US
1127,US
1128,US
1129,US
1130,US
1131,US
1132,US
1133,US
1134,US
1135,US
1136,US
1137,US
1138,US
1139,US
1140,US
1141,US
1142,US
1143,US
1144,US
1145,US
1146,US
1147,US
1148,US
1149,US
1150,US
1151,US
1152,US
1153,US
1154,US
1155,US
1156,US
1157,US
1158,US
1159,US
1160,US
1161,US
1162,US
1163,US
1164,US
1165,US
1166,US
1167,US
1168,US
1169,US
1170,US
1171,US
1172,US
1173,US
1174,US
1175,US
1176,US
1177,US
1178,US
1179,US
1180,US
1181,US
1182,US
1183,US
1184,US
1185,US
1186,US
1187,US
1188,US
1189,US
1190,US
1191,US
1192,US
1193,US
1194,US
1195,US
1196,US
1197,US
1198,US
1199,US
1200,US
1201,US
1202,US
1203,US
1204,US
1205,US
1206,US
1207,US
1208,US
1209,US
1210,US
1211,US
1212,US
1213,US
1214,US
1215,US
1216,US
1217,US
1218,US
1219,US
1220,US
1221,US
1222,US
1223,US
1224,US
1225,US
1226,US
1227,US
1228,US
1229,US
1230,US
1231,US
1232,US
1233,US
1234,US
1235,US
1236,US
1237,US
1238,US
1239,US
1240,US
1241,US
1242,US
1243,US
1244,US
1245,US
1246,US
1247,US
1248,US
1249,US
1250,US
1251,US
1252,US
1253,US
1254,US
1255,US
1256,US
1257,US
1258,US
1259,US
1260,US
1261,US
1262,US
1263,US
1264,US
1265,US
1266,US
1267,US
1268,US
1269,US
1270,US
1271,US
1272,US
1273,US
1274,US
1275,US
1276,US
1277,US
1278,US
1279,US
1280,US
1281,US
1282,US
1283,US
1284,US
1285,US
1286,US
1287,US
1288,US
1289,US
1290,US
1291,US
1292,US
1293,US
1294,US
1295,US
1296,US
1297,US
1298,US
1299,US
1300,US
1301,US
1302,US
1303,US
1304,US
1305,US
1306,US
1307,US
1308,US
1309,US
1310,US
1311,US
1312,US
1313,US
1314,US
1315,US
1316,US
1317,US
1318,US
1319,US
1320,US
1321,US
1322,US
1323,US
1324,US
1325,US
1326,US
1327,US
1328,US
1329,US
1330,US
1331,US
1332,US
1333,US
1334,US
1335,US
1336,US
1337,US
1338,US
1339,US
1340,US
1341,US
1342,US
1343,US
1344,US
1345,US
1346,US
1347,US
1348,US
1349,US
1350,US
1351,US
1352,US
1353,US
1354,US
1355,US
1356,US
1357,US
1358,US
1359,US
1360,US
1361,US
1362,US
1363,US
1364,US
1365,US
1366,US
1367,US
1368,US
1369,US
1370,US
1371,US
1372,US
1373,US
1374,US
1375,US
1376,US
1377,US
1378,US
1379,US
1380,US
1381,US
1382,US
1383,US
1384,US
1385,US
1386,US
1387,US
1388,US
1389,US
1390,US
1391,US
1392,US
1393,US
1394,US
1395,US
1396,US
1397,US
1398,US
1399,US
1400,US
1401,US
1402,US
1403,US
1404,US
1405,US
1406,US
1407,US
1408,US
1409,US
1410,US
1411,US
1412,US
1413,US
1414,US
1415,US
1416,US
1417,US
1418,US
1419,US
1420,US
1421,US
1422,US
1423,US
1424,US
1425,US
1426,US
1427,US
1428,US
1429,US
1430,US
1431,US
1432,US
1433,US
1434,US
1435,US
1436,US
1437,US
1438,US
1439,US
1440,US
1441,US
1442,US
1443,US
1444,US
1445,US
1446,US
1447,US
1448,US
1449,US
1450,US
1451,US
1452,US
1453,US
1454,US
1455,US
1456,US
1457,US
1458,US
1459,US
1460,US
1461,US
1462,US
1463,US
1464,US
1465,US
1466,US
1467,US
1468,US
1469,US
1470,US
1471,US
1472,US
1473,US
1474,US
1475,US
1476,US
1477,US
1478,US
1479,US
1480,US
1481,US
1482,US
1483,US
1484,US
1485,US
1486,US
1487,US
1488,US
1489,US
1490,US
1491,US
1492,US
1493,US
1494,US
1495,US
1496,US
1497,US
1498,US
1499,US
1500,US
1501,US
1502,US
1503,US
1504,US
1505,US
1506,US
1507,US
1508,US
1509,US
1510,US
1511,US
1512,US
1513,US
1514,US
1515,US
1516,US
1517,US
1518,US
1519,US
1520,US
1521,US
1522,US
1523,US
1524,US
1525,US
1526,US
1527,US
1528,US
1529,US
1530,US
1531,US
1532,US
1533,US
1534,US
1535,US
1536,US
1537,US
1538,US
1539,US
1540,US
1541,US
1542,US
1543,US
1544,US
1545,US
1546,US
1547,US
1548,US
1549,US
1550,US
1551,US
1552,US
1553,US
1554,US
1555,US
1556,US
1557,US
1558,US
1559,US
1560,US
1561,US
1562,US
1563,US
1564,US
1565,US
1566,US
1567,US
1568,US
1569,US
1570,US
1571,US
1572,US
1573,US
1574,US
1575,US
1576,US
1577,US
1578,US
1579,US
1580,US
1581,US
1582,US
1583,US
1584,US
1585,US
1586,US
1587,US
1588,US
1589,US
1590,US
1591,US
1592,US
1593,US
1594,US
1595,US
1596,US
1597,US
1598,US
1599,US
1600,US
1601,US
1602,US
1603,US
1604,US
1605,US
1606,US
1607,US
1608,US
1609,US
1610,US
1611,US
1612,US
1613,US
1614,US
1615,US
1616,US
1617,US
1618,US
1619,US
1620,US
1621,US
1622,US
1623,US
1624,US
1625,US
1626,US
1627,US
1628,US
1629,US
1630,US
1631,US
1632,US
1633,US
1634,US
1635,US
1636,US
1637,US
1638,US
1639,US
1640,US
1641,US
1642,US
1643,US
1644,US
1645,US
1646,US
1647,US
1648,US
1649,US
1650,US
1651,US
1652,US
1653,US
1654,US
1655,US
1656,US
1657,US
1658,US
1659,US
1660,US
1661,US
1662,US
1663,US
1664,US
1665,US
1666,US
1667,US
1668,US
1669,US
1670,US
1671,US
1672,US
1673,US
1674,US
1675,US
1676,US
1677,US
1678,US
1679,US
1680,US
1681,US
1682,US
1683,US
1684,US
1685,US
1686,US
1687,US
1688,US
1689,US
1690,US
1691,US
1692,US
1693,US
1694,US
1695,US
1696,US
1697,US
1698,US
1699,US
1700,US
1701,US
1702,US
1703,US
1704,US
1705,US
1706,US
1707,US
1708,US
1709,US
1710,US
1711,US
1712,US
1713,US
1714,US
1715,US
1716,US
1717,US
1718,US
1719,US
1720,US
1721,US
1722,US
1723,US
1724,US
1725,US
1726,US
1727,US
1728,US
1729,US
1730,US
1731,US
1732,US
1733,US
1734,US
1735,US
1736,US
1737,US
1738,US
1739,US
1740,US
1741,US
1742,US
1743,US
1744,US
1745,US
1746,US
1747,US
1748,US
1749,US
1750,US
1751,US
1752,US
1753,US
1754,US
1755,US
1756,US
1757,US
1758,US
1759,US
1760,US
1761,US
1762,US
1763,US
1764,US
1765,US
1766,US
1767,US
1768,US
1769,US
1770,US
1771,US
1772,US
1773,US
1774,US
1775,US
1776,US
1777,US
1778,US
1779,US
1780,US
1781,US
1782,US
1783,US
1784,US
1785,US
1786,US
1787,US
1788,US
1789,US
1790,US
1791,US
1792,US
1793,US
1794,US
1795,US
1796,US
1797,US
1798,US
1799,US
1800,US
1801,US
1802,US
1803,US
1804,US
1805,US
1806,US
1807,US
1808,US
1809,US
1810,US
1811,US
1812,US
1813,US
1814,US
1815,US
1816,US
1817,US
1818,US
1819,US
1820,US
1821,US
1822,US
1823,US
1824,US
1825,US
1826,US
1827,US
1828,US
1829,US
1830,US
1831,US
1832,US
1833,US
1834,US
1835,US
1836,US
1837,US
1838,US
1839,US
1840,US
1841,US
1842,US
1843,US
1844,US
1845,US
1846,US
1847,US
1848,US
1849,US
1850,US
1851,US
1852,US
1853,US
1854,US
1855,US
1856,US
1857,US
1858,US
1859,US
1860,US
1861,US
1862,US
1863,US
1864,US
1865,US
1866,US
1867,US
1868,US
1869,US
1870,US
1871,US
1872,US
1873,US
1874,US
1875,US
1876,US
1877,US
1878,US
1879,US
1880,US
1881,US
1882,US
1883,US
1884,US
1885,US
1886,US
1887,US
1888,US
1889,US
1890,US
1891,US
1892,US
1893,US
1894,US
1895,US
1896,US
1897,US
1898,US
1899,US
1900,US
1901,US
1902,US
1903,US
1904,US
1905,US
1906,US
1907,US
1908,US
1909,US
1910,US
1911,US
1912,US
1913,US
1914,US
1915,US
1916,US
1917,US
1918,US
1919,US
1920,US
1921,US
1922,US
1923,US
1924,US
1925,US
1926,US
1927,US
1928,US
1929,US
1930,US
1931,US
1932,US
1933,US
1934,US
1935,US
1936,US
1937,US
1938,US
1939,US
1940,US
1941,US
1942,US
1943,US
1944,US
1945,US
1946,US
1947,US
1948,US
1949,US
1950,US
1951,US
1952,US
1953,US
1954,US
1955,US
1956,US
1957,US
1958,US
1959,US
1960,US
1961,US
1962,US
1963,US
1964,US
1965,US
1966,US
1967,US
1968,US
1969,US
1970,US
1971,US
1972,US
1973,US
1974,US
1975,US
1976,US
1977,US
1978,US
1979,US
1980,US
1981,US
1982,US
1983,US
1984,US
1985,US
1986,US
1987,US
1988,US
1989,US
1990,US
1991,US
1992,US
1993,US
1994,US
1995,US
1996,US
1997,US
1998,US
1999,US
2000,US
2001,US
2002,US
2003,US
2004,US
2005,US
2006,US
2007,US
2008,US
2009,US
2010,US
2011,US
2012,US
2013,US
2014,US
2015,US
2016,US
2017,US
2018,US
2019,US
2020,US
2021,US
2022,US
2023,US
2024,US
2025,US
2026,US
2027,US
2028,US
2029,US
2030,US
2031,US
2032,US
2033,US
2034,US
2035,US
2036,US
2037,US
2038,US
2039,US
2040,US
2041,US
2042,US
2043,US
2044,US
2045,US
2046,US
2047,US
2048,US
2049,US
2050,US
2051,US
2052,US
2053,US
2054,US
2055,US
2056,US
2057,US
2058,US
2059,US
2060,US
2061,US
2062,US
2063,US
2064,US
2065,US
2066,US
2067,US
2068,US
2069,US
2070,US
2071,US
2072,US
2073,US
2074,US
2075,US
2076,US
2077,US
2078,US
2079,US
2080,US
2081,US
2082,US
2083,US
2084,US
2085,US
2086,US
2087,US
2088,US
2089,US
2090,US
2091,US
2092,US
2093,US
2094,US
2095,US
2096,US
2097,US
2098,US
2099,US
2100,US
2101,US
2102,US
2103,US
2104,US
2105,US
2106,US
2107,US
2108,US
2109,US
2110,US
2111,US
2112,US
2113,US
2114,US
2115,US
2116,US
2117,US
2118,US
2119,US
2120,US
2121,US
2122,US
2123,US
2124,US
2125,US
2126,US
2127,US
2128,US
2129,US
2130,US
2131,US
2132,US
2133,US
2134,US
2135,US
2136,US
2137,US
2138,US
2139,US
2140,US
2141,US
2142,US
2143,US
2144,US
2145,US
2146,US
2147,US
2148,US
2149,US
2150,US
2151,US
2152,US
2153,US
2154,US
2155,US
2156,US
2157,US
2158,US
2159,US
2160,US
2161,US
2162,US
2163,US
2164,US
2165,US
2166,US
2167,US
2168,US
2169,US
2170,US
2171,US
2172,US
2173,US
2174,US
2175,US
2176,US
2177,US
2178,US
2179,US
2180,US
2181,US
2182,US
2183,US
2184,US
2185,US
2186,US
2187,US
2188,US
2189,US
2190,US
2191,US
2192,US
2193,US
2194,US
2195,US
2196,US
2197,US
2198,US
2199,US
2200,US
2201,US
2202,US
2203,US
2204,US
2205,US
2206,US
2207,US
2208,US
2209,US
2210,US
2211,US
2212,US
2213,US
2214,US
2215,US
2216,US
2217,US
2218,US
2219,US
2220,US
2221,US
2222,US
2223,US
2224,US
2225,US
2226,US
2227,US
2228,US
2229,US
2230,US
2231,US
2232,US
2233,US
2234,US
2235,US
2236,US
2237,US
2238,US
2239,US
2240,US
2241,US
2242,US
2243,US
2244,US
2245,US
2246,US
2247,US
2248,US
2249,US
2250,US
2251,US
2252,US
2253,US
2254,US
2255,US
2256,US
2257,US
2258,US
2259,US
2260,US
2261,US
2262,US
2263,US
2264,US
2265,US
2266,US
2267,US
2268,US
2269,US
2270,US
2271,US
2272,US
2273,US
2274,US
2275,US
2276,US
2277,US
2278,US
2279,US
2280,US
2281,US
2282,US
2283,US
2284,US
2285,US
2286,US
2287,US
2288,US
2289,US
2290,US
2291,US
2292,US
2293,US
2294,US
2295,US
2296,US
2297,US
2298,US
2299,US
2300,US
2301,US
2302,US
2303,US
2304,US
2305,US
2306,US
2307,US
2308,US
2309,US
2310,US
2311,US
2312,US
2313,US
2314,US
2315,US
2316,US
2317,US
2318,US
2319,US
2320,US
2321,US
2322,US
2323,US
2324,US
2325,US
2326,US
2327,US
2328,US
2329,US
2330,US
2331,US
2332,US
2333,US
2334,US
2335,US
2336,US
2337,US
2338,US
2339,US
2340,US
2341,US
2342,US
2343,US
2344,US
2345,US
2346,US
2347,US
2348,US
2349,US
2350,US
2351,US
2352,US
2353,US
2354,US
2355,US
2356,US
2357,US
2358,US
2359,US
2360,US
2361,US
2362,US
2363,US
2364,US
2365,US
2366,US
2367,US
2368,US
2369,US
2370,US
2371,US
2372,US
2373,US
2374,US
2375,US
2376,US
2377,US
2378,US
2379,US
2380,US
2381,US
2382,US
2383,US
2384,US
2385,US
2386,US
2387,US
2388,US
2389,US
2390,US
2391,US
2392,US
2393,US
2394,US
2395,US
2396,US
2397,US
2398,US
2399,US
2400,US
2401,US
2402,US
2403,US
2404,US
2405,US
2406,US
2407,US
2408,US
2409,US
2410,US
2411,US
2412,US
2413,US
2414,US
2415,US
2416,US
2417,US
2418,US
2419,US
2420,US
2421,US
2422,US
2423,US
2424,US
2425,US
2426,US
2427,US
2428,US
2429,US
2430,US
2431,US
2432,US
2433,US
2434,US
2435,US
2436,US
2437,US
2438,US
2439,US
2440,US
2441,US
2442,US
2443,US
2444,US
2445,US
2446,US
2447,US
2448,US
2449,US
2450,US
2451,US
2452,US
2453,US
2454,US
2455,US
2456,US
2457,US
2458,US
2459,US
2460,US
2461,US
2462,US
2463,US
2464,US
2465,US
2466,US
2467,US
2468,US
2469,US
2470,US
2471,US
2472,US
2473,US
2474,US
2475,US
2476,US
2477,US
2478,US
2479,US
2480,US
2481,US
2482,US
2483,US
2484,US
2485,US
2486,US
2487,US
2488,US
2489,US
2490,US
2491,US
2492,US
2493,US
2494,US
2495,US
2496,US
2497,US
2498,US
2499,US
2500,US
2501,US
2502,US
2503,US
2504,US
2505,US
2506,US
2507,US
2508,US
2509,US
2510,US
2511,US
2512,US
2513,US
2514,US
2515,US
2516,US
2517,US
2518,US
2519,US
2520,US
2521,US
2522,US
2523,US
2524,US
2525,US
2526,US
2527,US
2528,US
2529,US
2530,US
2531,US
2532,US
2533,US
2534,US
2535,US
2536,US
2537,US
2538,US
2539,US
2540,US
2541,US
2542,US
2543,US
2544,US
2545,US
2546,US
2547,US
2548,US
2549,US
2550,US
2551,US
2552,US
2553,US
2554,US
2555,US
2556,US
2557,US
2558,US
2559,US
2560,US
2561,US
2562,US
2563,US
2564,US
2565,US
2566,US
2567,US
2568,US
2569,US
2570,US
2571,US
2572,US
2573,US
2574,US
2575,US
2576,US
2577,US
2578,US
2579,US
2580,US
2581,US
2582,US
2583,US
2584,US
2585,US
2586,US
2587,US
2588,US
2589,US
2590,US
2591,US
2592,US
2593,US
2594,US
2595,US
2596,US
2597,US
2598,US
2599,US
2600,US
2601,US
2602,US
2603,US
2604,US
2605,US
2606,US
2607,US
2608,US
2609,US
2610,US
2611,US
2612,US
2613,US
2614,US
2615,US
2616,US
2617,US
2618,US
2619,US
2620,US
2621,US
2622,US
2623,US
2624,US
2625,US
2626,US
2627,US
2628,US
2629,US
2630,US
2631,US
2632,US
2633,US
2634,US
2635,US
2636,US
2637,US
2638,US
2639,US
2640,US
2641,US
2642,US
2643,US
2644,US
2645,US
2646,US
2647,US
2648,US
2649,US
2650,US
2651,US
2652,US
2653,US
2654,US
2655,US
2656,US
2657,US
2658,US
2659,US
2660,US
2661,US
2662,US
2663,US
2664,US
2665,US
2666,US
2667,US
2668,US
2669,US
2670,US
2671,US
2672,US
2673,US
2674,US
2675,US
2676,US
2677,US
2678,US
2679,US
2680,US
2681,US
2682,US
2683,US
2684,US
2685,US
2686,US
2687,US
2688,US
2689,US
2690,US
2691,US
2692,US
2693,US
2694,US
2695,US
2696,US
2697,US
2698,US
2699,US
2700,US
2701,US
2702,US
2703,US
2704,US
2705,US
2706,US
2707,US
2708,US
2709,US
2710,US
2711,US
2712,US
2713,US
2714,US
2715,US
2716,US
2717,US
2718,US
2719,US
2720,US
2721,US
2722,US
2723,US
2724,US
2725,US
2726,US
2727,US
2728,US
2729,US
2730,US
2731,US
2732,US
2733,US
2734,US
2735,US
2736,US
2737,US
2738,US
2739,US
2740,US
2741,US
2742,US
2743,US
2744,US
2745,US
2746,US
2747,US
2748,US
2749,US
2750,US
2751,US
2752,US
2753,US
2754,US
2755,US
2756,US
2757,US
2758,US
2759,US
2760,US
2761,US
2762,US
2763,US
2764,US
2765,US
2766,US
2767,US
2768,US
2769,US
2770,US
2771,US
2772,US
2773,US
2774,US
2775,US
2776,US
2777,US
2778,US
2779,US
2780,US
2781,US
2782,US
2783,US
2784,US
2785,US
2786,US
2787,US
2788,US
2789,US
2790,US
2791,US
2792,US
2793,US
2794,US
2795,US
2796,US
2797,US
2798,US
2799,US
2800,US
2801,US
2802,US
2803,US
2804,US
2805,US
2806,US
2807,US
2808,US
2809,US
2810,US
2811,US
2812,US
2813,US
2814,US
2815,US
2816,US
2817,US
2818,US
2819,US
2820,US
2821,US
2822,US
2823,US
2824,US
2825,US
2826,US
2827,US
2828,US
2829,US
2830,US
2831,US
2832,US
2833,US
2834,US
2835,US
2836,US
2837,US
2838,US
2839,US
2840,US
2841,US
2842,US
2843,US
2844,US
2845,US
2846,US
2847,US
2848,US
2849,US
2850,US
2851,US
2852,US
2853,US
2854,US
2855,US
2856,US
2857,US
2858,US
2859,US
2860,US
2861,US
2862,US
2863,US
2864,US
2865,US
2866,US
2867,US
2868,US
2869,US
2870,US
2871,US
2872,US
2873,US
2874,US
2875,US
2876,US
2877,US
2878,US
2879,US
2880,US
2881,US
2882,US
2883,US
2884,US
2885,US
2886,US
2887,US
2888,US
2889,US
2890,US
2891,US
2892,US
2893,US
2894,US
2895,US
2896,US
2897,US
2898,US
2899,US
2900,US
2901,US
2902,US
2903,US
2904,US
2905,US
2906,US
2907,US
2908,US
2909,US
2910,US
2911,US
2912,US
2913,US
2914,US
2915,US
2916,US
2917,US
2918,US
2919,US
2920,US
2921,US
2922,US
2923,US
2924,US
2925,US
2926,US
2927,US
2928,US
2929,US
2930,US
2931,US
2932,US
2933,US
2934,US
2935,US
2936,US
2937,US
2938,US
2939,US
2940,US
2941,US
2942,US
2943,US
2944,US
2945,US
2946,US
2947,US
2948,US
2949,US
2950,US
2951,US
2952,US
2953,US
2954,US
2955,US
2956,US
2957,US
2958,US
2959,US
2960,US
2961,US
2962,US
2963,US
2964,US
2965,US
2966,US
2967,US
2968,US
2969,US
2970,US
2971,US
2972,US
2973,US
2974,US
2975,US
2976,US
2977,US
2978,US
2979,US
2980,US
2981,US
2982,US
2983,US
2984,US
2985,US
2986,US
2987,US
2988,US
2989,US
2990,US
2991,US
2992,US
2993,US
2994,US
2995,US
2996,US
2997,US
2998,US
2999,US
3000,US
3001,US
3002,US
3003,US
3004,US
3005,US
3006,US
3007,US
3008,US
3009,US
3010,US
3011,US
3012,US
3013,US
3014,US
3015,US
3016,US
3017,US
3018,US
3019,US
3020,US
3021,US
3022,US
3023,US
3024,US
3025,US
3026,US
3027,US
3028,US
3029,US
3030,US
3031,US
3032,US
3033,US
3034,US
3035,US
3036,US
3037,US
3038,US
3039,US
3040,US
3041,US
3042,US
3043,US
3044,US
3045,US
3046,US
3047,US
3048,US
3049,US
3050,US
3051,US
3052,US
3053,US
3054,US
3055,US
3056,US
3057,US
3058,US
3059,US
3060,US
3061,US
3062,US
3063,US
3064,US
3065,US
3066,US
3067,US
3068,US
3069,US
3070,US
3071,US
3072,US
3073,US
3074,US
3075,US
3076,US
3077,US
3078,US
3079,US
3080,US
3081,US
3082,US
3083,US
3084,US
3085,US
3086,US
3087,US
3088,US
3089,US
3090,US
3091,US
3092,US
3093,US
3094,US
3095,US
3096,US
3097,US
3098,US
3099,US
3100,US
3101,US
3102,US
3103,US
3104,US
3105,US
3106,US
3107,US
3108,US
3109,US
3110,US
3111,US
3112,US
3113,US
3114,US
3115,US
3116,US
3117,US
3118,US
3119,US
3120,US
3121,US
3122,US
3123,US
3124,US
3125,US
3126,US
3127,US
3128,US
3129,US
3130,US
3131,US
3132,US
3133,US
3134,US
3135,US
3136,US
3137,US
3138,US
3139,US
3140,US
3141,US
3142,US
3143,US
3144,US
3145,US
3146,US
3147,US
3148,US
3149,US
3150,US
3151,US
3152,US
3153,US
3154,US
3155,US
3156,US
3157,US
3158,US
3159,US
3160,US
3161,US
3162,US
3163,US
3164,US
3165,US
3166,US
3167,US
3168,US
3169,US
3170,US
3171,US
3172,US
3173,US
3174,US
3175,US
3176,US
3177,US
3178,US
3179,US
3180,US
3181,US
3182,US
3183,US
3184,US
3185,US
3186,US
3187,US
3188,US
3189,US
3190,US
3191,US
3192,US
3193,US
3194,US
3195,US
3196,US
3197,US
3198,US
3199,US
3200,US
3201,US
3202,US
3203,US
3204,US
3205,US
3206,US
3207,US
3208,US
3209,US
3210,US
3211,US
3212,US
3213,US
3214,US
3215,US
3216,US
3217,US
3218,US
3219,US
3220,US
3221,US
3222,US
3223,US
3224,US
3225,US
3226,US
3227,US
3228,US
3229,US
3230,US
3231,US
3232,US
3233,US
3234,US
3235,US
3236,US
3237,US
3238,US
3239,US
3240,US
3241,US
3242,US
3243,US
3244,US
3245,US
3246,US
3247,US
3248,US
3249,US
3250,US
3251,US
3252,US
3253,US
3254,US
3255,US
3256,US
3257,US
3258,US
3259,US
3260,US
3261,US
3262,US
3263,US
3264,US
3265,US
3266,US
3267,US
3268,US
3269,US
3270,US
3271,US
3272,US
3273,US
3274,US
3275,US
3276,US
3277,US
3278,US
3279,US
3280,US
3281,US
3282,US
3283,US
3284,US
3285,US
3286,US
3287,US
3288,US
3289,US
3290,US
3291,US
3292,US
3293,US
3294,US
3295,US
3296,US
3297,US
3298,US
3299,US
3300,US
3301,US
3302,US
3303,US
3304,US
3305,US
3306,US
3307,US
3308,US
3309,US
3310,US
3311,US
3312,US
3313,US
3314,US
3315,US
3316,US
3317,US
3318,US
3319,US
3320,US
3321,US
3322,US
3323,US
3324,US
3325,US
3326,US
3327,US
3328,US
3329,US
3330,US
3331,US
3332,US
3333,US
3334,US
3335,US
3336,US
3337,US
3338,US
3339,US
3340,US
3341,US
3342,US
3343,US
3344,US
3345,US
3346,US
3347,US
3348,US
3349,US
3350,US
3351,US
3352,US
3353,US
3354,US
3355,US
3356,US
3357,US
3358,US
3359,US
3360,US
3361,US
3362,US
3363,US
3364,US
3365,US
3366,US
3367,US
3368,US
3369,US
3370,US
3371,US
3372,US
3373,US
3374,US
3375,US
3376,US
3377,US
3378,US
3379,US
3380,US
3381,US
3382,US
3383,US
3384,US
3385,US
3386,US
3387,US
3388,US
3389,US
3390,US
3391,US
3392,US
3393,US
3394,US
3395,US
3396,US
3397,US
3398,US
3399,US
3400,US
3401,US
3402,US
3403,US
3404,US
3405,US
3406,US
3407,US
3408,US
3409,US
3410,US
3411,US
3412,US
3413,US
3414,US
3415,US
3416,US
3417,US
3418,US
3419,US
3420,US
3421,US
3422,US
3423,US
3424,US
3425,US
3426,US
3427,US
3428,US
3429,US
3430,US
3431,US
3432,US
3433,US
3434,US
3435,US
3436,US
3437,US
3438,US
3439,US
3440,US
3441,US
3442,US
3443,US
3444,US
3445,US
3446,US
3447,US
3448,US
3449,US
3450,US
3451,US
3452,US
3453,US
3454,US
3455,US
3456,US
3457,US
3458,US
3459,US
3460,US
3461,US
3462,US
3463,US
3464,US
3465,US
3466,US
3467,US
3468,US
3469,US
3470,US
3471,US
3472,US
3473,US
3474,US
3475,US
3476,US
3477,US
3478,US
3479,US
3480,US
3481,US
3482,US
3483,US
3484,US
3485,US
3486,US
3487,US
3488,US
3489,US
3490,US
3491,US
3492,US
3493,US
3494,US
3495,US
3496,US
3497,US
3498,US
3499,US
3500,US
3501,US
3502,US
3503,US
3504,US
3505,US
3506,US
3507,US
3508,US
3509,US
3510,US
3511,US
3512,US
3513,US
3514,US
3515,US
3516,US
3517,US
3518,US
3519,US
3520,US
3521,US
3522,US
3523,US
3524,US
3525,US
3526,US
3527,US
3528,US
3529,US
3530,US
3531,US
3532,US
3533,US
3534,US
3535,US
3536,US
3537,US
3538,US
3539,US
3540,US
3541,US
3542,US
3543,US
3544,US
3545,US
3546,US
3547,US
3548,US
3549,US
3550,US
3551,US
3552,US
3553,US
3554,US
3555,US
3556,US
3557,US
3558,US
3559,US
3560,US
3561,US
3562,US
3563,US
3564,US
3565,US
3566,US
3567,US
3568,US
3569,US
3570,US
3571,US
3572,US
3573,US
3574,US
3575,US
3576,US
3577,US
3578,US
3579,US
3580,US
3581,US
3582,US
3583,US
3584,US
3585,US
3586,US
3587,US
3588,US
3589,US
3590,US
3591,US
3592,US
3593,US
3594,US
3595,US
3596,US
3597,US
3598,US
3599,US
3600,US
3601,US
3602,US
3603,US
3604,US
3605,US
3606,US
3607,US
3608,US
3609,US
3610,US
3611,US
3612,US
3613,US
3614,US
3615,US
3616,US
3617,US
3618,US
3619,US
3620,US
3621,US
3622,US
3623,US
3624,US
3625,US
3626,US
3627,US
3628,US
3629,US
3630,US
3631,US
3632,US
3633,US
3634,US
3635,US
3636,US
3637,US
3638,US
3639,US
3640,US
3641,US
3642,US
3643,US
3644,US
3645,US
3646,US
3647,US
3648,US
3649,US
3650,US
3651,US
3652,US
3653,US
3654,US
3655,US
3656,US
3657,US
3658,US
3659,US
3660,US
3661,US
3662,US
3663,US
3664,US
3665,US
3666,US
3667,US
3668,US
3669,US
3670,US
3671,US
3672,US
3673,US
3674,US
3675,US
3676,US
3677,US
3678,US
3679,US
3680,US
3681,US
3682,US
3683,US
3684,US
3685,US
3686,US
3687,US
3688,US
3689,US
3690,US
3691,US
3692,US
3693,US
3694,US
3695,US
3696,US
3697,US
3698,US
3699,US
3700,US
3701,US
3702,US
3703,US
3704,US
3705,US
3706,US
3707,US
3708,US
3709,US
3710,US
3711,US
3712,US
3713,US
3714,US
3715,US
3716,US
3717,US
3718,US
3719,US
3720,US
3721,US
3722,US
3723,US
3724,US
3725,US
3726,US
3727,US
3728,US
3729,US
3730,US
3731,US
3732,US
3733,US
3734,US
3735,US
3736,US
3737,US
3738,US
3739,US
3740,US
3741,US
3742,US
3743,US
3744,US
3745,US
3746,US
3747,US
3748,US
3749,US
3750,US
3751,US
3752,US
3753,US
3754,US
3755,US
3756,US
3757,US
3758,US
3759,US
3760,US
3761,US
3762,US
3763,US
3764,US
3765,US
3766,US
3767,US
3768,US
3769,US
3770,US
3771,US
3772,US
3773,US
3774,US
3775,US
3776,US
3777,US
3778,US
3779,US
3780,US
3781,US
3782,US
3783,US
3784,US
3785,US
3786,US
3787,US
3788,US
3789,US
3790,US
3791,US
3792,US
3793,US
3794,US
3795,US
3796,US
3797,US
3798,US
3799,US
3800,US
3801,US
3802,US
3803,US
3804,US
3805,US
3806,US
3807,US
3808,US
3809,US
3810,US
3811,US
3812,US
3813,US
3814,US
3815,US
3816,US
3817,US
3818,US
3819,US
3820,US
3821,US
3822,US
3823,US
3824,US
3825,US
3826,US
3827,US
3828,US
3829,US
3830,US
3831,US
3832,US
3833,US
3834,US
3835,US
3836,US
3837,US
3838,US
3839,US
3840,US
3841,US
3842,US
3843,US
3844,US
3845,US
3846,US
3847,US
3848,US
3849,US
3850,US
3851,US
3852,US
3853,US
3854,US
3855,US
3856,US
3857,US
3858,US
3859,US
3860,US
3861,US
3862,US
3863,US
3864,US
3865,US
3866,US
3867,US
3868,US
3869,US
3870,US
3871,US
3872,US
3873,US
3874,US
3875,US
3876,US
3877,US
3878,US
3879,US
3880,US
3881,US
3882,US
3883,US
3884,US
3885,US
3886,US
3887,US
3888,US
3889,US
3890,US
3891,US
3892,US
3893,US
3894,US
3895,US
3896,US
3897,US
3898,US
3899,US
3900,US
3901,US
3902,US
3903,US
3904,US
3905,US
3906,US
3907,US
3908,US
3909,US
3910,US
3911,US
3912,US
3913,US
3914,US
3915,US
3916,US
3917,US
3918,US
3919,US
3920,US
3921,US
3922,US
3923,US
3924,US
3925,US
3926,US
3927,US
3928,US
3929,US
3930,US
3931,US
3932,US
3933,US
3934,US
3935,US
3936,US
3937,US
3938,US
3939,US
3940,US
3941,US
3942,US
3943,US
3944,US
3945,US
3946,US
3947,US
3948,US
3949,US
3950,US
3951,US
3952,US
3953,US
3954,US
3955,US
3956,US
3957,US
3958,US
3959,US
3960,US
3961,US
3962,US
3963,US
3964,US
3965,US
3966,US
3967,US
3968,US
3969,US
3970,US
3971,US
3972,US
3973,US
3974,US
3975,US
3976,US
3977,US
3978,US
3979,US
3980,US
3981,US
3982,US
3983,US
3984,US
3985,US
3986,US
3987,US
3988,US
3989,US
3990,US
3991,US
3992,US
3993,US
3994,US
3995,US
3996,US
3997,US
3998,US
3999,US
4000,US
4001,US
4002,US
4003,US
4004,US
4005,US
4006,US
4007,US
4008,US
4009,US
4010,US
4011,US
4012,US
4013,US
4014,US
4015,US
4016,US
4017,US
4018,US
4019,US
4020,US
4021,US
4022,US
4023,US
4024,US
4025,US
4026,US
4027,US
4028,US
4029,US
4030,US
4031,US
4032,US
4033,US
4034,US
4035,US
4036,US
4037,US
4038,US
4039,US
4040,US
4041,US
4042,US
4043,US
4044,US
4045,US
4046,US
4047,US
4048,US
4049,US
4050,US
4051,US
4052,US
4053,US
4054,US
4055,US
4056,US
4057,US
4058,US
4059,US
4060,US
4061,US
4062,US
4063,US
4064,US
4065,US
4066,US
4067,US
4068,US
4069,US
4070,US
4071,US
4072,US
4073,US
4074,US
4075,US
4076,US
4077,US
4078,US
4079,US
4080,US
4081,US
4082,US
4083,US
4084,US
4085,US
4086,US
4087,US
4088,US
4089,US
4090,US
4091,US
4092,US
4093,US
4094,US
4095,US
4096,US
4097,US
4098,US
4099,US
4100,US
4101,US
4102,US
4103,US
4104,US
4105,US
4106,US
4107,US
4108,US
4109,US
4110,US
4111,US
4112,US
4113,US
4114,US
4115,US
4116,US
4117,US
4118,US
4119,US
4120,US
4121,US
4122,US
4123,US
4124,US
4125,US
4126,US
4127,US
4128,US
4129,US
4130,US
4131,US
4132,US
4133,US
4134,US
4135,US
4136,US
4137,US
4138,US
4139,US
4140,US
4141,US
4142,US
4143,US
4144,US
4145,US
4146,US
4147,US
4148,US
4149,US
4150,US
4151,US
4152,US
4153,US
4154,US
4155,US
4156,US
4157,US
4158,US
4159,US
4160,US
4161,US
4162,US
4163,US
4164,US
4165,US
4166,US
4167,US
4168,US
4169,US
4170,US
4171,US
4172,US
4173,US
4174,US
4175,US
4176,US
4177,US
4178,US
4179,US
4180,US
4181,US
4182,US
4183,US
4184,US
4185,US
4186,US
4187,US
4188,US
4189,US
4190,US
4191,US
4192,US
4193,US
4194,US
4195,US
4196,US
4197,US
4198,US
4199,US
4200,US
4201,US
4202,US
4203,US
4204,US
4205,US
4206,US
4207,US
4208,US
4209,US
4210,US
4211,US
4212,US
4213,US
4214,US
4215,US
4216,US
4217,US
4218,US
4219,US
4220,US
4221,US
4222,US
4223,US
4224,US
4225,US
4226,US
4227,US
4228,US
4229,US
4230,US
4231,US
4232,US
4233,US
4234,US
4235,US
4236,US
4237,US
4238,US
4239,US
4240,US
4241,US
4242,US
4243,US
4244,US
4245,US
4246,US
4247,US
4248,US
4249,US
4250,US
4251,US
4252,US
4253,US
4254,US
4255,US
4256,US
4257,US
4258,US
4259,US
4260,US
4261,US
4262,US
4263,US
4264,US
4265,US
4266,US
4267,US
4268,US
4269,US
4270,US
4271,US
4272,US
4273,US
4274,US
4275,US
4276,US
4277,US
4278,US
4279,US
4280,US
4281,US
4282,US
4283,US
4284,US
4285,US
4286,US
4287,US
4288,US
4289,US
4290,US
4291,US
4292,US
4293,US
4294,US
4295,US
4296,US
4297,US
4298,US
4299,US
4300,US
4301,US
4302,US
4303,US
4304,US
4305,US
4306,US
4307,US
4308,US
4309,US
4310,US
4311,US
4312,US
4313,US
4314,US
4315,US
4316,US
4317,US
4318,US
4319,US
4320,US
4321,US
4322,US
4323,US
4324,US
4325,US
4326,US
4327,US
4328,US
4329,US
4330,US
4331,US
4332,US
4333,US
4334,US
4335,US
4336,US
4337,US
4338,US
4339,US
4340,US
4341,US
4342,US
4343,US
4344,US
4345,US
4346,US
4347,US
4348,US
4349,US
4350,US
4351,US
4352,US
4353,US
4354,US
4355,US
4356,US
4357,US
4358,US
4359,US
4360,US
4361,US
4362,US
4363,US
4364,US
4365,US
4366,US
4367,US
4368,US
4369,US
4370,US
4371,US
4372,US
4373,US
4374,US
4375,US
4376,US
4377,US
4378,US
4379,US
4380,US
4381,US
4382,US
4383,US
4384,US
4385,US
4386,US
4387,US
4388,US
4389,US
4390,US
4391,US
4392,US
4393,US
4394,US
4395,US
4396,US
4397,US
4398,US
4399,US
4400,US
4401,US
4402,US
4403,US
4404,US
4405,US
4406,US
4407,US
4408,US
4409,US
4410,US
4411,US
4412,US
4413,US
4414,US
4415,US
4416,US
4417,US
4418,US
4419,US
4420,US
4421,US
4422,US
4423,US
4424,US
4425,US
4426,US
4427,US
4428,US
4429,US
4430,US
4431,US
4432,US
4433,US
4434,US
4435,US
4436,US
4437,US
4438,US
4439,US
4440,US
4441,US
4442,US
4443,US
4444,US
4445,US
4446,US
4447,US
4448,US
4449,US
4450,US
4451,US
4452,US
4453,US
4454,US
4455,US
4456,US
4457,US
4458,US
4459,US
4460,US
4461,US
4462,US
4463,US
4464,US
4465,US
4466,US
4467,US
4468,US
4469,US
4470,US
4471,US
4472,US
4473,US
4474,US
4475,US
4476,US
4477,US
4478,US
4479,US
4480,US
4481,US
4482,US
4483,US
4484,US
4485,US
4486,US
4487,US
4488,US
4489,US
4490,US
4491,US
4492,US
4493,US
4494,US
4495,US
4496,US
4497,US
4498,US
4499,US
4500,US
4501,US
4502,US
4503,US
4504,US
4505,US
4506,US
4507,US
4508,US
4509,US
4510,US
4511,US
4512,US
4513,US
4514,US
4515,US
4516,US
4517,US
4518,US
4519,US
4520,US
4521,US
4522,US
4523,US
4524,US
4525,US
4526,US
4527,US
4528,US
4529,US
4530,US
4531,US
4532,US
4533,US
4534,US
4535,US
4536,US
4537,US
4538,US
4539,US
4540,US
4541,US
4542,US
4543,US
4544,US
4545,US
4546,US
4547,US
4548,US
4549,US
4550,US
4551,US
4552,US
4553,US
4554,US
4555,US
4556,US
4557,US
4558,US
4559,US
4560,US
4561,US
4562,US
4563,US
4564,US
4565,US
4566,US
4567,US
4568,US
4569,US
4570,US
4571,US
4572,US
4573,US
4574,US
4575,US
4576,US
4577,US
4578,US
4579,US
4580,US
4581,US
4582,US
4583,US
4584,US
4585,US
4586,US
4587,US
4588,US
4589,US
4590,US
4591,US
4592,US
4593,US
4594,US
4595,US
4596,US
4597,US
4598,US
4599,US
4600,US
4601,US
4602,US
4603,US
4604,US
4605,US
4606,US
4607,US
4608,US
4609,US
4610,US
4611,US
4612,US
4613,US
4614,US
4615,US
4616,US
4617,US
4618,US
4619,US
4620,US
4621,US
4622,US
4623,US
4624,US
4625,US
4626,US
4627,US
4628,US
4629,US
4630,US
4631,US
4632,US
4633,US
4634,US
4635,US
4636,US
4637,US
4638,US
4639,US
4640,US
4641,US
4642,US
4643,US
4644,US
4645,US
4646,US
4647,US
4648,US
4649,US
4650,US
4651,US
4652,US
4653,US
4654,US
4655,US
4656,US
4657,US
4658,US
4659,US
4660,US
4661,US
4662,US
4663,US
4664,US
4665,US
4666,US
4667,US
4668,US
4669,US
4670,US
4671,US
4672,US
4673,US
4674,US
4675,US
4676,US
4677,US
4678,US
4679,US
4680,US
4681,US
4682,US
4683,US
4684,US
4685,US
4686,US
4687,US
4688,US
4689,US
4690,US
4691,US
4692,US
4693,US
4694,US
4695,US
4696,US
4697,US
4698,US
4699,US
4700,US
4701,US
4702,US
4703,US
4704,US
4705,US
4706,US
4707,US
4708,US
4709,US
4710,US
4711,US
4712,US
4713,US
4714,US
4715,US
4716,US
4717,US
4718,US
4719,US
4720,US
4721,US
4722,US
4723,US
4724,US
4725,US
4726,US
4727,US
4728,US
4729,US
4730,US
4731,US
4732,US
4733,US
4734,US
4735,US
4736,US
4737,US
4738,US
4739,US
4740,US
4741,US
4742,US
4743,US
4744,US
4745,US
4746,US
4747,US
4748,US
4749,US
4750,US
4751,US
4752,US
4753,US
4754,US
4755,US
4756,US
4757,US
4758,US
4759,US
4760,US
4761,US
4762,US
4763,US
4764,US
4765,US
4766,US
4767,US
4768,US
4769,US
4770,US
4771,US
4772,US
4773,US
4774,US
4775,US
4776,US
4777,US
4778,US
4779,US
4780,US
4781,US
4782,US
4783,US
4784,US
4785,US
4786,US
4787,US
4788,US
4789,US
4790,US
4791,US
4792,US
4793,US
4794,US
4795,US
4796,US
4797,US
4798,US
4799,US
4800,US
4801,US
4802,US
4803,US
4804,US
4805,US
4806,US
4807,US
4808,US
4809,US
4810,US
4811,US
4812,US
4813,US
4814,US
4815,US
4816,US
4817,US
4818,US
4819,US
4820,US
4821,US
4822,US
4823,US
4824,US
4825,US
4826,US
4827,US
4828,US
4829,US
4830,US
4831,US
4832,US
4833,US
4834,US
4835,US
4836,US
4837,US
4838,US
4839,US
4840,US
4841,US
4842,US
4843,US
4844,US
4845,US
4846,US
4847,US
4848,US
4849,US
4850,US
4851,US
4852,US
4853,US
4854,US
4855,US
4856,US
4857,US
4858,US
4859,US
4860,US
4861,US
4862,US
4863,US
4864,US
4865,US
4866,US
4867,US
4868,US
4869,US
4870,US
4871,US
4872,US
4873,US
4874,US
4875,US
4876,US
4877,US
4878,US
4879,US
4880,US
4881,US
4882,US
4883,US
4884,US
4885,US
4886,US
4887,US
4888,US
4889,US
4890,US
4891,US
4892,US
4893,US
4894,US
4895,US
4896,US
4897,US
4898,US
4899,US
4900,US
4901,US
4902,US
4903,US
4904,US
4905,US
4906,US
4907,US
4908,US
4909,US
4910,US
4911,US
4912,US
4913,US
4914,US
4915,US
4916,US
4917,US
4918,US
4919,US
4920,US
4921,US
4922,US
4923,US
4924,US
4925,US
4926,US
4927,US
4928,US
4929,US
4930,US
4931,US
4932,US
4933,US
4934,US
4935,US
4936,US
4937,US
4938,US
4939,US
4940,US
4941,US
4942,US
4943,US
4944,US
4945,US
4946,US
4947,US
4948,US
4949,US
4950,US
4951,US
4952,US
4953,US
4954,US
4955,US
4956,US
4957,US
4958,US
4959,US
4960,US
4961,US
4962,US
4963,US
4964,US
4965,US
4966,US
4967,US
4968,US
4969,US
4970,US
4971,US
4972,US
4973,US
4974,US
4975,US
4976,US
4977,US
4978,US
4979,US
4980,US
4981,US
4982,US
4983,US
4984,US
4985,US
4986,US
4987,US
4988,US
4989,US
4990,US
4991,US
4992,US
4993,US
4994,US
4995,US
4996,US
4997,US
4998,US
4999,US
5000,US
5001,US
5002,US
5003,US
5004,US
5005,US
5006,US
5007,US
5008,US
5009,US
5010,US
5011,US
5012,US
5013,US
5014,US
5015,US
5016,US
5017,US
5018,US
5019,US
5020,US
5021,US
5022,US
5023,US
5024,US
5025,US
5026,US
5027,US
5028,US
5029,US
5030,US
5031,US
5032,US
5033,US
5034,US
5035,US
5036,US
5037,US
5038,US
5039,US
5040,US
5041,US
5042,US
5043,US
5044,US
5045,US
5046,US
5047,US
5048,US
5049,US
5050,US
5051,US
5052,US
5053,US
5054,US
5055,US
5056,US
5057,US
5058,US
5059,US
5060,US
5061,US
5062,US
5063,US
5064,US
5065,US
5066,US
5067,US
5068,US
5069,US
5070,US
5071,US
5072,US
5073,US
5074,US
5075,US
5076,US
5077,US
5078,US
5079,US
5080,US
5081,US
5082,US
5083,US
5084,US
5085,US
5086,US
5087,US
5088,US
5089,US
5090,US
5091,US
5092,US
5093,US
5094,US
5095,US
5096,US
5097,US
5098,US
5099,US
5100,US
5101,US
5102,US
5103,US
5104,US
5105,US
5106,US
5107,US
5108,US
5109,US
5110,US
5111,US
5112,US
5113,US
5114,US
5115,US
5116,US
5117,US
5118,US
5119,US
5120,US
5121,US
5122,US
5123,US
5124,US
5125,US
5126,US
5127,US
5128,US
5129,US
5130,US
5131,US
5132,US
5133,US
5134,US
5135,US
5136,US
5137,US
5138,US
5139,US
5140,US
5141,US
5142,US
5143,US
5144,US
5145,US
5146,US
5147,US
5148,US
5149,US
5150,US
5151,US
5152,US
5153,US
5154,US
5155,US
5156,US
5157,US
5158,US
5159,US
5160,US
5161,US
5162,US
5163,US
5164,US
5165,US
5166,US
5167,US
5168,US
5169,US
5170,US
5171,US
5172,US
5173,US
5174,US
5175,US
5176,US
5177,US
5178,US
5179,US
5180,US
5181,US
5182,US
5183,US
5184,US
5185,US
5186,US
5187,US
5188,US
5189,US
5190,US
5191,US
5192,US
5193,US
5194,US
5195,US
5196,US
5197,US
5198,US
5199,US
5200,US
5201,US
5202,US
5203,US
5204,US
5205,US
5206,US
5207,US
5208,US
5209,US
5210,US
5211,US
5212,US
5213,US
5214,US
5215,US
5216,US
5217,US
5218,US
5219,US
5220,US
5221,US
5222,US
5223,US
5224,US
5225,US
5226,US
5227,US
5228,US
5229,US
5230,US
5231,US
5232,US
5233,US
5234,US
5235,US
5236,US
5237,US
5238,US
5239,US
5240,US
5241,US
5242,US
5243,US
5244,US
5245,US
5246,US
5247,US
5248,US
5249,US
5250,US
5251,US
5252,US
5253,US
5254,US
5255,US
5256,US
5257,US
5258,US
5259,US
5260,US
5261,US
5262,US
5263,US
5264,US
5265,US
5266,US
5267,US
5268,US
5269,US
5270,US
5271,US
5272,US
5273,US
5274,US
5275,US
5276,US
5277,US
5278,US
5279,US
5280,US
5281,US
5282,US
5283,US
5284,US
5285,US
5286,US
5287,US
5288,US
5289,US
5290,US
5291,US
5292,US
5293,US
5294,US
5295,US
5296,US
5297,US
5298,US
5299,US
5300,US
5301,US
5302,US
5303,US
5304,US
5305,US
5306,US
5307,US
5308,US
5309,US
5310,US
5311,US
5312,US
5313,US
5314,US
5315,US
5316,US
5317,US
5318,US
5319,US
5320,US
5321,US
5322,US
5323,US
5324,US
5325,US
5326,US
5327,US
5328,US
5329,US
5330,US
5331,US
5332,US
5333,US
5334,US
5335,US
5336,US
5337,US
5338,US
5339,US
5340,US
5341,US
5342,US
5343,US
5344,US
5345,US
5346,US
5347,US
5348,US
5349,US
5350,US
5351,US
5352,US
5353,US
5354,US
5355,US
5356,US
5357,US
5358,US
5359,US
5360,US
5361,US
5362,US
5363,US
5364,US
5365,US
5366,US
5367,US
5368,US
5369,US
5370,US
5371,US
5372,US
5373,US
5374,US
5375,US
5376,US
5377,US
5378,US
5379,US
5380,US
5381,US
5382,US
5383,US
5384,US
5385,US
5386,US
5387,US
5388,US
5389,US
5390,US
5391,US
5392,US
5393,US
5394,US
5395,US
5396,US
5397,US
5398,US
5399,US
5400,US
5401,US
5402,US
5403,US
5404,US
5405,US
5406,US
5407,US
5408,US
5409,US
5410,US
5411,US
5412,US
5413,US
5414,US
5415,US
5416,US
5417,US
5418,US
5419,US
5420,US
5421,US
5422,US
5423,US
5424,US
5425,US
5426,US
5427,US
5428,US
5429,US
5430,US
5431,US
5432,US
5433,US
5434,US
5435,US
5436,US
5437,US
5438,US
5439,US
5440,US
5441,US
5442,US
5443,US
5444,US
5445,US
5446,US
5447,US
5448,US
5449,US
5450,US
5451,US
5452,US
5453,US
5454,US
5455,US
5456,US
5457,US
5458,US
5459,US
5460,US
5461,US
5462,US
5463,US
5464,US
5465,US
5466,US
5467,US
5468,US
5469,US
5470,US
5471,US
5472,US
5473,US
5474,US
5475,US
5476,US
5477,US
5478,US
5479,US
5480,US
5481,US
5482,US
5483,US
5484,US
5485,US
5486,US
5487,US
5488,US
5489,US
5490,US
5491,US
5492,US
5493,US
5494,US
5495,US
5496,US
5497,US
5498,US
5499,US
5500,US
5501,US
5502,US
5503,US
5504,US
5505,US
5506,US
5507,US
5508,US
5509,US
5510,US
5511,US
5512,US
5513,US
5514,US
5515,US
5516,US
5517,US
5518,US
5519,US
5520,US
5521,US
5522,US
5523,US
5524,US
5525,US
5526,US
5527,US
5528,US
5529,US
5530,US
5531,US
5532,US
5533,US
5534,US
5535,US
5536,US
5537,US
5538,US
5539,US
5540,US
5541,US
5542,US
5543,US
5544,US
5545,US
5546,US
5547,US
5548,US
5549,US
5550,US
5551,US
5552,US
5553,US
5554,US
5555,US
5556,US
5557,US
5558,US
5559,US
5560,US
5561,US
5562,US
5563,US
5564,US
5565,US
5566,US
5567,US
5568,US
5569,US
5570,US
5571,US
5572,US
5573,US
5574,US
5575,US
5576,US
5577,US
5578,US
5579,US
5580,US
5581,US
5582,US
5583,US
5584,US
5585,US
5586,US
5587,US
5588,US
5589,US
5590,US
5591,US
5592,US
5593,US
5594,US
5595,US
5596,US
5597,US
5598,US
5599,US
5600,US
5601,US
5602,US
5603,US
5604,US
5605,US
5606,US
5607,US
5608,US
5609,US
5610,US
5611,US
5612,US
5613,US
5614,US
5615,US
5616,US
5617,US
5618,US
5619,US
5620,US
5621,US
5622,US
5623,US
5624,US
5625,US
5626,US
5627,US
5628,US
5629,US
5630,US
5631,US
5632,US
5633,US
5634,US
5635,US
5636,US
5637,US
5638,US
5639,US
5640,US
5641,US
5642,US
5643,US
5644,US
5645,US
5646,US
5647,US
5648,US
5649,US
5650,US
5651,US
5652,US
5653,US
5654,US
5655,US
5656,US
5657,US
5658,US
5659,US
5660,US
5661,US
5662,US
5663,US
5664,US
5665,US
5666,US
5667,US
5668,US
5669,US
5670,US
5671,US
5672,US
5673,US
5674,US
5675,US
5676,US
5677,US
5678,US
5679,US
5680,US
5681,US
5682,US
5683,US
5684,US
5685,US
5686,US
5687,US
5688,US
5689,US
5690,US
5691,US
5692,US
5693,US
5694,US
5695,US
5696,US
5697,US
5698,US
5699,US
5700,US
5701,US
5702,US
5703,US
5704,US
5705,US
5706,US
5707,US
5708,US
5709,US
5710,US
5711,US
5712,US
5713,US
5714,US
5715,US
5716,US
5717,US
5718,US
5719,US
5720,US
5721,US
5722,US
5723,US
5724,US
5725,US
5726,US
5727,US
5728,US
5729,US
5730,US
5731,US
5732,US
5733,US
5734,US
5735,US
5736,US
5737,US
5738,US
5739,US
5740,US
5741,US
5742,US
5743,US
5744,US
5745,US
5746,US
5747,US
5748,US
5749,US
5750,US
5751,US
5752,US
5753,US
5754,US
5755,US
5756,US
5757,US
5758,US
5759,US
5760,US
5761,US
5762,US
5763,US
5764,US
5765,US
5766,US
5767,US
5768,US
5769,US
5770,US
5771,US
5772,US
5773,US
5774,US
5775,US
5776,US
5777,US
5778,US
5779,US
5780,US
5781,US
5782,US
5783,US
5784,US
5785,US
5786,US
5787,US
5788,US
5789,US
5790,US
5791,US
5792,US
5793,US
5794,US
5795,US
5796,US
5797,US
5798,US
5799,US
5800,US
5801,US
5802,US
5803,US
5804,US
5805,US
5806,US
5807,US
5808,US
5809,US
5810,US
5811,US
5812,US
5813,US
5814,US
5815,US
5816,US
5817,US
5818,US
5819,US
5820,US
5821,US
5822,US
5823,US
5824,US
5825,US
5826,US
5827,US
5828,US
5829,US
5830,US
5831,US
5832,US
5833,US
5834,US
5835,US
5836,US
5837,US
5838,US
5839,US
5840,US
5841,US
5842,US
5843,US
5844,US
5845,US
5846,US
5847,US
5848,US
5849,US
5850,US
5851,US
5852,US
5853,US
5854,US
5855,US
5856,US
5857,US
5858,US
5859,US
5860,US
5861,US
5862,US
5863,US
5864,US
5865,US
5866,US
5867,US
5868,US
5869,US
5870,US
5871,US
5872,US
5873,US
5874,US
5875,US
5876,US
5877,US
5878,US
5879,US
5880,US
5881,US
5882,US
5883,US
5884,US
5885,US
5886,US
5887,US
5888,US
5889,US
5890,US
5891,US
5892,US
5893,US
5894,US
5895,US
5896,US
5897,US
5898,US
5899,US
5900,US
5901,US
5902,US
5903,US
5904,US
5905,US
5906,US
5907,US
5908,US
5909,US
5910,US
5911,US
5912,US
5913,US
5914,US
5915,US
5916,US
5917,US
5918,US
5919,US
5920,US
5921,US
5922,US
5923,US
5924,US
5925,US
5926,US
5927,US
5928,US
5929,US
5930,US
5931,US
5932,US
5933,US
5934,US
5935,US
5936,US
5937,US
5938,US
5939,US
5940,US
5941,US
5942,US
5943,US
5944,US
5945,US
5946,US
5947,US
5948,US
5949,US
5950,US
5951,US
5952,US
5953,US
5954,US
5955,US
5956,US
5957,US
5958,US
5959,US
5960,US
5961,US
5962,US
5963,US
5964,US
5965,US
5966,US
5967,US
5968,US
5969,US
5970,US
5971,US
5972,US
5973,US
5974,US
5975,US
5976,US
5977,US
5978,US
5979,US
5980,US
5981,US
5982,US
5983,US
5984,US
5985,US
5986,US
5987,US
5988,US
5989,US
5990,US
5991,US
5992,US
5993,US
5994,US
5995,US
5996,US
5997,US
5998,US
5999,US
6000,US
6001,US
6002,US
6003,US
6004,US
6005,US
6006,US
6007,US
6008,US
6009,US
6010,US
6011,US
6012,US
6013,US
6014,US
6015,US
6016,US
6017,US
6018,US
6019,US
6020,US
6021,US
6022,US
6023,US
6024,US
6025,US
6026,US
6027,US
6028,US
6029,US
6030,US
6031,US
6032,US
6033,US
6034,US
6035,US
6036,US
6037,US
6038,US
6039,US
6040,US
6041,US
6042,US
6043,US
6044,US
6045,US
6046,US
6047,US
6048,US
6049,US
6050,US
6051,US
6052,US
6053,US
6054,US
6055,US
6056,US
6057,US
6058,US
6059,US
6060,US
6061,US
6062,US
6063,US
6064,US
6065,US
6066,US
6067,US
6068,US
6069,US
6070,US
6071,US
6072,US
6073,US
6074,US
6075,US
6076,US
6077,US
6078,US
6079,US
6080,US
6081,US
6082,US
6083,US
6084,US
6085,US
6086,US
6087,US
6088,US
6089,US
6090,US
6091,US
6092,US
6093,US
6094,US
6095,US
6096,US
6097,US
6098,US
6099,US
6100,US
6101,US
6102,US
6103,US
6104,US
6105,US
6106,US
6107,US
6108,US
6109,US
6110,US
6111,US
6112,US
6113,US
6114,US
6115,US
6116,US
6117,US
6118,US
6119,US
6120,US
6121,US
6122,US
6123,US
6124,US
6125,US
6126,US
6127,US
6128,US
6129,US
6130,US
6131,US
6132,US
6133,US
6134,US
6135,US
6136,US
6137,US
6138,US
6139,US
6140,US
6141,US
6142,US
6143,US
6144,US
6145,US
6146,US
6147,US
6148,US
6149,US
6150,US
6151,US
6152,US
6153,US
6154,US
6155,US
6156,US
6157,US
6158,US
6159,US
6160,US
6161,US
6162,US
6163,US
6164,US
6165,US
6166,US
6167,US
6168,US
6169,US
6170,US
6171,US
6172,US
6173,US
6174,US
6175,US
6176,US
6177,US
6178,US
6179,US
6180,US
6181,US
6182,US
6183,US
6184,US
6185,US
6186,US
6187,US
6188,US
6189,US
6190,US
6191,US
6192,US
6193,US
6194,US
6195,US
6196,US
6197,US
6198,US
6199,US
6200,US
6201,US
6202,US
6203,US
6204,US
6205,US
6206,US
6207,US
6208,US
6209,US
6210,US
6211,US
6212,US
6213,US
6214,US
6215,US
6216,US
6217,US
6218,US
6219,US
6220,US
6221,US
6222,US
6223,US
6224,US
6225,US
6226,US
6227,US
6228,US
6229,US
6230,US
6231,US
6232,US
6233,US
6234,US
6235,US
6236,US
6237,US
6238,US
6239,US
6240,US
6241,US
6242,US
6243,US
6244,US
6245,US
6246,US
6247,US
6248,US
6249,US
6250,US
6251,US
6252,US
6253,US
6254,US
6255,US
6256,US
6257,US
6258,US
6259,US
6260,US
6261,US
6262,US
6263,US
6264,US
6265,US
6266,US
6267,US
6268,US
6269,US
6270,US
6271,US
6272,US
6273,US
6274,US
6275,US
6276,US
6277,US
6278,US
6279,US
6280,US
6281,US
6282,US
6283,US
6284,US
6285,US
6286,US
6287,US
6288,US
6289,US
6290,US
6291,US
6292,US
6293,US
6294,US
6295,US
6296,US
6297,US
6298,US
6299,US
6300,US
6301,US
6302,US
6303,US
6304,US
6305,US
6306,US
6307,US
6308,US
6309,US
6310,US
6311,US
6312,US
6313,US
6314,US
6315,US
6316,US
6317,US
6318,US
6319,US
6320,US
6321,US
6322,US
6323,US
6324,US
6325,US
6326,US
6327,US
6328,US
6329,US
6330,US
6331,US
6332,US
6333,US
6334,US
6335,US
6336,US
6337,US
6338,US
6339,US
6340,US
6341,US
6342,US
6343,US
6344,US
6345,US
6346,US
6347,US
6348,US
6349,US
6350,US
6351,US
6352,US
6353,US
6354,US
6355,US
6356,US
6357,US
6358,US
6359,US
6360,US
6361,US
6362,US
6363,US
6364,US
6365,US
6366,US
6367,US
6368,US
6369,US
6370,US
6371,US
6372,US
6373,US
6374,US
6375,US
6376,US
6377,US
6378,US
6379,US
6380,US
6381,US
6382,US
6383,US
6384,US
6385,US
6386,US
6387,US
6388,US
6389,US
6390,US
6391,US
6392,US
6393,US
6394,US
6395,US
6396,US
6397,US
6398,US
6399,US
6400,US
6401,US
6402,US
6403,US
6404,US
6405,US
6406,US
6407,US
6408,US
6409,US
6410,US
6411,US
6412,US
6413,US
6414,US
6415,US
6416,US
6417,US
6418,US
6419,US
6420,US
6421,US
6422,US
6423,US
6424,US
6425,US
6426,US
6427,US
6428,US
6429,US
6430,US
6431,US
6432,US
6433,US
6434,US
6435,US
6436,US
6437,US
6438,US
6439,US
6440,US
6441,US
6442,US
6443,US
6444,US
6445,US
6446,US
6447,US
6448,US
6449,US
6450,US
6451,US
6452,US
6453,US
6454,US
6455,US
6456,US
6457,US
6458,US
6459,US
6460,US
6461,US
6462,US
6463,US
6464,US
6465,US
6466,US
6467,US
6468,US
6469,US
6470,US
6471,US
6472,US
6473,US
6474,US
6475,US
6476,US
6477,US
6478,US
6479,US
6480,US
6481,US
6482,US
6483,US
6484,US
6485,US
6486,US
6487,US
6488,US
6489,US
6490,US
6491,US
6492,US
6493,US
6494,US
6495,US
6496,US
6497,US
6498,US
6499,US
6500,US
6501,US
6502,US
6503,US
6504,US
6505,US
6506,US
6507,US
6508,US
6509,US
6510,US
6511,US
6512,US
6513,US
6514,US
6515,US
6516,US
6517,US
6518,US
6519,US
6520,US
6521,US
6522,US
6523,US
6524,US
6525,US
6526,US
6527,US
6528,US
6529,US
6530,US
6531,US
6532,US
6533,US
6534,US
6535,US
6536,US
6537,US
6538,US
6539,US
6540,US
6541,US
6542,US
6543,US
6544,US
6545,US
6546,US
6547,US
6548,US
6549,US
6550,US
6551,US
6552,US
6553,US
6554,US
6555,US
6556,US
6557,US
6558,US
6559,US
6560,US
6561,US
6562,US
6563,US
6564,US
6565,US
6566,US
6567,US
6568,US
6569,US
6570,US
6571,US
6572,US
6573,US
6574,US
6575,US
6576,US
6577,US
6578,US
6579,US
6580,US
6581,US
6582,US
6583,US
6584,US
6585,US
6586,US
6587,US
6588,US
6589,US
6590,US
6591,US
6592,US
6593,US
6594,US
6595,US
6596,US
6597,US
6598,US
6599,US
6600,US
6601,US
6602,US
6603,US
6604,US
6605,US
6606,US
6607,US
6608,US
6609,US
6610,US
6611,US
6612,US
6613,US
6614,US
6615,US
6616,US
6617,US
6618,US
6619,US
6620,US
6621,US
6622,US
6623,US
6624,US
6625,US
6626,US
6627,US
6628,US
6629,US
6630,US
6631,US
6632,US
6633,US
6634,US
6635,US
6636,US
6637,US
6638,US
6639,US
6640,US
6641,US
6642,US
6643,US
6644,US
6645,US
6646,US
6647,US
6648,US
6649,US
6650,US
6651,US
6652,US
6653,US
6654,US
6655,US
6656,US
6657,US
6658,US
6659,US
6660,US
6661,US
6662,US
6663,US
6664,US
6665,US
6666,US
6667,US
6668,US
6669,US
6670,US
6671,US
6672,US
6673,US
6674,US
6675,US
6676,US
6677,US
6678,US
6679,US
6680,US
6681,US
6682,US
6683,US
6684,US
6685,US
6686,US
6687,US
6688,US
6689,US
6690,US
6691,US
6692,US
6693,US
6694,US
6695,US
6696,US
6697,US
6698,US
6699,US
6700,US
6701,US
6702,US
6703,US
6704,US
6705,US
6706,US
6707,US
6708,US
6709,US
6710,US
6711,US
6712,US
6713,US
6714,US
6715,US
6716,US
6717,US
6718,US
6719,US
6720,US
6721,US
6722,US
6723,US
6724,US
6725,US
6726,US
6727,US
6728,US
6729,US
6730,US
6731,US
6732,US
6733,US
6734,US
6735,US
6736,US
6737,US
6738,US
6739,US
6740,US
6741,US
6742,US
6743,US
6744,US
6745,US
6746,US
6747,US
6748,US
6749,US
6750,US
6751,US
6752,US
6753,US
6754,US
6755,US
6756,US
6757,US
6758,US
6759,US
6760,US
6761,US
6762,US
6763,US
6764,US
6765,US
6766,US
6767,US
6768,US
6769,US
6770,US
6771,US
6772,US
6773,US
6774,US
6775,US
6776,US
6777,US
6778,US
6779,US
6780,US
6781,US
6782,US
6783,US
6784,US
6785,US
6786,US
6787,US
6788,US
6789,US
6790,US
6791,US
6792,US
6793,US
6794,US
6795,US
6796,US
6797,US
6798,US
6799,US
6800,US
6801,US
6802,US
6803,US
6804,US
6805,US
6806,US
6807,US
6808,US
6809,US
6810,US
6811,US
6812,US
6813,US
6814,US
6815,US
6816,US
6817,US
6818,US
6819,US
6820,US
6821,US
6822,US
6823,US
6824,US
6825,US
6826,US
6827,US
6828,US
6829,US
6830,US
6831,US
6832,US
6833,US
6834,US
6835,US
6836,US
6837,US
6838,US
6839,US
6840,US
6841,US
6842,US
6843,US
6844,US
6845,US
6846,US
6847,US
6848,US
6849,US
6850,US
6851,US
6852,US
6853,US
6854,US
6855,US
6856,US
6857,US
6858,US
6859,US
6860,US
6861,US
6862,US
6863,US
6864,US
6865,US
6866,US
6867,US
6868,US
6869,US
6870,US
6871,US
6872,US
6873,US
6874,US
6875,US
6876,US
6877,US
6878,US
6879,US
6880,US
6881,US
6882,US
6883,US
6884,US
6885,US
6886,US
6887,US
6888,US
6889,US
6890,US
6891,US
6892,US
6893,US
6894,US
6895,US
6896,US
6897,US
6898,US
6899,US
6900,US
6901,US
6902,US
6903,US
6904,US
6905,US
6906,US
6907,US
6908,US
6909,US
6910,US
6911,US
6912,US
6913,US
6914,US
6915,US
6916,US
6917,US
6918,US
6919,US
6920,US
6921,US
6922,US
6923,US
6924,US
6925,US
6926,US
6927,US
6928,US
6929,US
6930,US
6931,US
6932,US
6933,US
6934,US
6935,US
6936,US
6937,US
6938,US
6939,US
6940,US
6941,US
6942,US
6943,US
6944,US
6945,US
6946,US
6947,US
6948,US
6949,US
6950,US
6951,US
6952,US
6953,US
6954,US
6955,US
6956,US
6957,US
6958,US
6959,US
6960,US
6961,US
6962,US
6963,US
6964,US
6965,US
6966,US
6967,US
6968,US
6969,US
6970,US
6971,US
6972,US
6973,US
6974,US
6975,US
6976,US
6977,US
6978,US
6979,US
6980,US
6981,US
6982,US
6983,US
6984,US
6985,US
6986,US
6987,US
6988,US
6989,US
6990,US
6991,US
6992,US
6993,US
6994,US
6995,US
6996,US
6997,US
6998,US
6999,US
7000,US
7001,US
7002,US
7003,US
7004,US
7005,US
7006,US
7007,US
7008,US
7009,US
7010,US
7011,US
7012,US
7013,US
7014,US
7015,US
7016,US
7017,US
7018,US
7019,US
7020,US
7021,US
7022,US
7023,US
7024,US
7025,US
7026,US
7027,US
7028,US
7029,US
7030,US
7031,US
7032,US
7033,US
7034,US
7035,US
7036,US
7037,US
7038,US
7039,US
7040,US
7041,US
7042,US
7043,US
7044,US
7045,US
7046,US
7047,US
7048,US
7049,US
7050,US
7051,US
7052,US
7053,US
7054,US
7055,US
7056,US
7057,US
7058,US
7059,US
7060,US
7061,US
7062,US
7063,US
7064,US
7065,US
7066,US
7067,US
7068,US
7069,US
7070,US
7071,US
7072,US
7073,US
7074,US
7075,US
7076,US
7077,US
7078,US
7079,US
7080,US
7081,US
7082,US
7083,US
7084,US
7085,US
7086,US
7087,US
7088,US
7089,US
7090,US
7091,US
7092,US
7093,US
7094,US
7095,US
7096,US
7097,US
7098,US
7099,US
7100,US
7101,US
7102,US
7103,US
7104,US
7105,US
7106,US
7107,US
7108,US
7109,US
7110,US
7111,US
7112,US
7113,US
7114,US
7115,US
7116,US
7117,US
7118,US
7119,US
7120,US
7121,US
7122,US
7123,US
7124,US
7125,US
7126,US
7127,US
7128,US
7129,US
7130,US
7131,US
7132,US
7133,US
7134,US
7135,US
7136,US
7137,US
7138,US
7139,US
7140,US
7141,US
7142,US
7143,US
7144,US
7145,US
7146,US
7147,US
7148,US
7149,US
7150,US
7151,US
7152,US
7153,US
7154,US
7155,US
7156,US
7157,US
7158,US
7159,US
7160,US
7161,US
7162,US
7163,US
7164,US
7165,US
7166,US
7167,US
7168,US
7169,US
7170,US
7171,US
7172,US
7173,US
7174,US
7175,US
7176,US
7177,US
7178,US
7179,US
7180,US
7181,US
7182,US
7183,US
7184,US
7185,US
7186,US
7187,US
7188,US
7189,US
7190,US
7191,US
7192,US
7193,US
7194,US
7195,US
7196,US
7197,US
7198,US
7199,US
7200,US
7201,US
7202,US
7203,US
7204,US
7205,US
7206,US
7207,US
7208,US
7209,US
7210,US
7211,US
7212,US
7213,US
7214,US
7215,US
7216,US
7217,US
7218,US
7219,US
7220,US
7221,US
7222,US
7223,US
7224,US
7225,US
7226,US
7227,US
7228,US
7229,US
7230,US
7231,US
7232,US
7233,US
7234,US
7235,US
7236,US
7237,US
7238,US
7239,US
7240,US
7241,US
7242,US
7243,US
7244,US
7245,US
7246,US
7247,US
7248,US
7249,US
7250,US
7251,US
7252,US
7253,US
7254,US
7255,US
7256,US
7257,US
7258,US
7259,US
7260,US
7261,US
7262,US
7263,US
7264,US
7265,US
7266,US
7267,US
7268,US
7269,US
7270,US
7271,US
7272,US
7273,US
7274,US
7275,US
7276,US
7277,US
7278,US
7279,US
7280,US
7281,US
7282,US
7283,US
7284,US
7285,US
7286,US
7287,US
7288,US
7289,US
7290,US
7291,US
7292,US
7293,US
7294,US
7295,US
7296,US
7297,US
7298,US
7299,US
7300,US
7301,US
7302,US
7303,US
7304,US
7305,US
7306,US
7307,US
7308,US
7309,US
7310,US
7311,US
7312,US
7313,US
7314,US
7315,US
7316,US
7317,US
7318,US
7319,US
7320,US
7321,US
7322,US
7323,US
7324,US
7325,US
7326,US
7327,US
7328,US
7329,US
7330,US
7331,US
7332,US
7333,US
7334,US
7335,US
7336,US
7337,US
7338,US
7339,US
7340,US
7341,US
7342,US
7343,US
7344,US
7345,US
7346,US
7347,US
7348,US
7349,US
7350,US
7351,US
7352,US
7353,US
7354,US
7355,US
7356,US
7357,US
7358,US
7359,US
7360,US
7361,US
7362,US
7363,US
7364,US
7365,US
7366,US
7367,US
7368,US
7369,US
7370,US
7371,US
7372,US
7373,US
7374,US
7375,US
7376,US
7377,US
7378,US
7379,US
7380,US
7381,US
7382,US
7383,US
7384,US
7385,US
7386,US
7387,US
7388,US
7389,US
7390,US
7391,US
7392,US
7393,US
7394,US
7395,US
7396,US
7397,US
7398,US
7399,US
7400,US
7401,US
7402,US
7403,US
7404,US
7405,US
7406,US
7407,US
7408,US
7409,US
7410,US
7411,US
7412,US
7413,US
7414,US
7415,US
7416,US
7417,US
7418,US
7419,US
7420,US
7421,US
7422,US
7423,US
7424,US
7425,US
7426,US
7427,US
7428,US
7429,US
7430,US
7431,US
7432,US
7433,US
7434,US
7435,US
7436,US
7437,US
7438,US
7439,US
7440,US
7441,US
7442,US
7443,US
7444,US
7445,US
7446,US
7447,US
7448,US
7449,US
7450,US
7451,US
7452,US
7453,US
7454,US
7455,US
7456,US
7457,US
7458,US
7459,US
7460,US
7461,US
7462,US
7463,US
7464,US
7465,US
7466,US
7467,US
7468,US
7469,US
7470,US
7471,US
7472,US
7473,US
7474,US
7475,US
7476,US
7477,US
7478,US
7479,US
7480,US
7481,US
7482,US
7483,US
7484,US
7485,US
7486,US
7487,US
7488,US
7489,US
7490,US
7491,US
7492,US
7493,US
7494,US
7495,US
7496,US
7497,US
7498,US
7499,US
7500,US
7501,US
7502,US
7503,US
7504,US
7505,US
7506,US
7507,US
7508,US
7509,US
7510,US
7511,US
7512,US
7513,US
7514,US
7515,US
7516,US
7517,US
7518,US
7519,US
7520,US
7521,US
7522,US
7523,US
7524,US
7525,US
7526,US
7527,US
7528,US
7529,US
7530,US
7531,US
7532,US
7533,US
7534,US
7535,US
7536,US
7537,US
7538,US
7539,US
7540,US
7541,US
7542,US
7543,US
7544,US
7545,US
7546,US
7547,US
7548,US
7549,US
7550,US
7551,US
7552,US
7553,US
7554,US
7555,US
7556,US
7557,US
7558,US
7559,US
7560,US
7561,US
7562,US
7563,US
7564,US
7565,US
7566,US
7567,US
7568,US
7569,US
7570,US
7571,US
7572,US
7573,US
7574,US
7575,US
7576,US
7577,US
7578,US
7579,US
7580,US
7581,US
7582,US
7583,US
7584,US
7585,US
7586,US
7587,US
7588,US
7589,US
7590,US
7591,US
7592,US
7593,US
7594,US
7595,US
7596,US
7597,US
7598,US
7599,US
7600,US
7601,US
7602,US
7603,US
7604,US
7605,US
7606,US
7607,US
7608,US
7609,US
7610,US
7611,US
7612,US
7613,US
7614,US
7615,US
7616,US
7617,US
7618,US
7619,US
7620,US
7621,US
7622,US
7623,US
7624,US
7625,US
7626,US
7627,US
7628,US
7629,US
7630,US
7631,US
7632,US
7633,US
7634,US
7635,US
7636,US
7637,US
7638,US
7639,US
7640,US
7641,US
7642,US
7643,US
7644,US
7645,US
7646,US
7647,US
7648,US
7649,US
7650,US
7651,US
7652,US
7653,US
7654,US
7655,US
7656,US
7657,US
7658,US
7659,US
7660,US
7661,US
7662,US
7663,US
7664,US
7665,US
7666,US
7667,US
7668,US
7669,US
7670,US
7671,US
7672,US
7673,US
7674,US
7675,US
7676,US
7677,US
7678,US
7679,US
7680,US
7681,US
7682,US
7683,US
7684,US
7685,US
7686,US
7687,US
7688,US
7689,US
7690,US
7691,US
7692,US
7693,US
7694,US
7695,US
7696,US
7697,US
7698,US
7699,US
7700,US
7701,US
7702,US
7703,US
7704,US
7705,US
7706,US
7707,US
7708,US
7709,US
7710,US
7711,US
7712,US
7713,US
7714,US
7715,US
7716,US
7717,US
7718,US
7719,US
7720,US
7721,US
7722,US
7723,US
7724,US
7725,US
7726,US
7727,US
7728,US
7729,US
7730,US
7731,US
7732,US
7733,US
7734,US
7735,US
7736,US
7737,US
7738,US
7739,US
7740,US
7741,US
7742,US
7743,US
7744,US
7745,US
7746,US
7747,US
7748,US
7749,US
7750,US
7751,US
7752,US
7753,US
7754,US
7755,US
7756,US
7757,US
7758,US
7759,US
7760,US
7761,US
7762,US
7763,US
7764,US
7765,US
7766,US
7767,US
7768,US
7769,US
7770,US
7771,US
7772,US
7773,US
7774,US
7775,US
7776,US
7777,US
7778,US
7779,US
7780,US
7781,US
7782,US
7783,US
7784,US
7785,US
7786,US
7787,US
7788,US
7789,US
7790,US
7791,US
7792,US
7793,US
7794,US
7795,US
7796,US
7797,US
7798,US
7799,US
7800,US
7801,US
7802,US
7803,US
7804,US
7805,US
7806,US
7807,US
7808,US
7809,US
7810,US
7811,US
7812,US
7813,US
7814,US
7815,US
7816,US
7817,US
7818,US
7819,US
7820,US
7821,US
7822,US
7823,US
7824,US
7825,US
7826,US
7827,US
7828,US
7829,US
7830,US
7831,US
7832,US
7833,US
7834,US
7835,US
7836,US
7837,US
7838,US
7839,US
7840,US
7841,US
7842,US
7843,US
7844,US
7845,US
7846,US
7847,US
7848,US
7849,US
7850,US
7851,US
7852,US
7853,US
7854,US
7855,US
7856,US
7857,US
7858,US
7859,US
7860,US
7861,US
7862,US
7863,US
7864,US
7865,US
7866,US
7867,US
7868,US
7869,US
7870,US
7871,US
7872,US
7873,US
7874,US
7875,US
7876,US
7877,US
7878,US
7879,US
7880,US
7881,US
7882,US
7883,US
7884,US
7885,US
7886,US
7887,US
7888,US
7889,US
7890,US
7891,US
7892,US
7893,US
7894,US
7895,US
7896,US
7897,US
7898,US
7899,US
7900,US
7901,US
7902,US
7903,US
7904,US
7905,US
7906,US
7907,US
7908,US
7909,US
7910,US
7911,US
7912,US
7913,US
7914,US
7915,US
7916,US
7917,US
7918,US
7919,US
7920,US
7921,US
7922,US
7923,US
7924,US
7925,US
7926,US
7927,US
7928,US
7929,US
7930,US
7931,US
7932,US
7933,US
7934,US
7935,US
7936,US
7937,US
7938,US
7939,US
7940,US
7941,US
7942,US
7943,US
7944,US
7945,US
7946,US
7947,US
7948,US
7949,US
7950,US
7951,US
7952,US
7953,US
7954,US
7955,US
7956,US
7957,US
7958,US
7959,US
7960,US
7961,US
7962,US
7963,US
7964,US
7965,US
7966,US
7967,US
7968,US
7969,US
7970,US
7971,US
7972,US
7973,US
7974,US
7975,US
7976,US
7977,US
7978,US
7979,US
7980,US
7981,US
7982,US
7983,US
7984,US
7985,US
7986,US
7987,US
7988,US
7989,US
7990,US
7991,US
7992,US
7993,US
7994,US
7995,US
7996,US
7997,US
7998,US
7999,US
8000,US
8001,US
8002,US
8003,US
8004,US
8005,US
8006,US
8007,US
8008,US
8009,US
8010,US
8011,US
8012,US
8013,US
8014,US
8015,US
8016,US
8017,US
8018,US
8019,US
8020,US
8021,US
8022,US
8023,US
8024,US
8025,US
8026,US
8027,US
8028,US
8029,US
8030,US
8031,US
8032,US
8033,US
8034,US
8035,US
8036,US
8037,US
8038,US
8039,US
8040,US
8041,US
8042,US
8043,US
8044,US
8045,US
8046,US
8047,US
8048,US
8049,US
8050,US
8051,US
8052,US
8053,US
8054,US
8055,US
8056,US
8057,US
8058,US
8059,US
8060,US
8061,US
8062,US
8063,US
8064,US
8065,US
8066,US
8067,US
8068,US
8069,US
8070,US
8071,US
8072,US
8073,US
8074,US
8075,US
8076,US
8077,US
8078,US
8079,US
8080,US
8081,US
8082,US
8083,US
8084,US
8085,US
8086,US
8087,US
8088,US
8089,US
8090,US
8091,US
8092,US
8093,US
8094,US
8095,US
8096,US
8097,US
8098,US
8099,US
8100,US
8101,US
8102,US
8103,US
8104,US
8105,US
8106,US
8107,US
8108,US
8109,US
8110,US
8111,US
8112,US
8113,US
8114,US
8115,US
8116,US
8117,US
8118,US
8119,US
8120,US
8121,US
8122,US
8123,US
8124,US
8125,US
8126,US
8127,France
8128,France
8129,France
8130,France
8131,France
8132,France
8133,France
8134,France
8135,France
8136,France
8137,France
8138,France
8139,France
8140,France
8141,France
8142,France
8143,France
8144,France
8145,France
8146,France
8147,France
8148,France
8149,France
8150,France
8151,France
8152,France
8153,France
8154,France
8155,France
8156,France
8157,France
8158,France
8159,France
8160,France
8161,France
8162,France
8163,France
8164,France
8165,France
8166,France
8167,France
8168,France
8169,France
8170,France
8171,France
8172,France
8173,France
8174,France
8175,France
8176,France
8177,France
8178,France
8179,France
8180,France
8181,France
8182,France
8183,France
8184,France
8185,France
8186,France
8187,France
8188,France
8189,France
8190,France
8191,France
8192,France
8193,France
8194,France
8195,France
8196,France
8197,France
8198,France
8199,France
8200,France
8201,France
8202,France
8203,France
8204,France
8205,France
8206,France
8207,France
8208,France
8209,France
8210,France
8211,France
8212,France
8213,France
8214,France
8215,France
8216,France
8217,France
8218,France
8219,France
8220,France
8221,France
8222,France
8223,France
8224,France
8225,France
8226,France
8227,France
8228,France
8229,France
8230,France
8231,France
8232,France
8233,France
8234,France
8235,France
8236,France
8237,France
8238,France
8239,France
8240,France
8241,France
8242,France
8243,France
8244,France
8245,France
8246,France
8247,France
8248,France
8249,France
8250,France
8251,France
8252,France
8253,France
8254,France
8255,France
8256,France
8257,France
8258,France
8259,France
8260,France
8261,France
8262,France
8263,France
8264,France
8265,France
8266,France
8267,France
8268,France
8269,France
8270,France
8271,France
8272,France
8273,France
8274,France
8275,France
8276,France
8277,France
8278,France
8279,France
8280,France
8281,France
8282,France
8283,France
8284,France
8285,France
8286,France
8287,France
8288,France
8289,France
8290,France
8291,France
8292,France
8293,France
8294,France
8295,France
8296,France
8297,France
8298,France
8299,France
8300,France
8301,France
8302,France
8303,France
8304,France
8305,France
8306,France
8307,France
8308,France
8309,France
8310,France
8311,France
8312,France
8313,France
8314,France
8315,France
8316,France
8317,France
8318,France
8319,France
8320,France
8321,France
8322,France
8323,France
8324,France
8325,France
8326,France
8327,France
8328,France
8329,France
8330,France
8331,France
8332,France
8333,France
8334,France
8335,France
8336,France
8337,France
8338,France
8339,France
8340,France
8341,France
8342,France
8343,France
8344,France
8345,France
8346,France
8347,France
8348,France
8349,France
8350,France
8351,France
8352,France
8353,France
8354,France
8355,France
8356,France
8357,France
8358,France
8359,France
8360,France
8361,France
8362,France
8363,France
8364,France
8365,France
8366,France
8367,France
8368,France
8369,France
8370,France
8371,France
8372,France
8373,France
8374,France
8375,France
8376,France
8377,France
8378,France
8379,France
8380,France
8381,France
8382,France
8383,France
8384,France
8385,France
8386,France
8387,France
8388,France
8389,France
8390,France
8391,France
8392,France
8393,France
8394,France
8395,France
8396,France
8397,France
8398,France
8399,France
8400,France
8401,France
8402,France
8403,France
8404,France
8405,France
8406,France
8407,France
8408,France
8409,France
8410,France
8411,France
8412,France
8413,France
8414,France
8415,France
8416,France
8417,France
8418,France
8419,France
8420,France
8421,France
8422,France
8423,France
8424,France
8425,France
8426,France
8427,France
8428,France
8429,France
8430,France
8431,France
8432,France
8433,France
8434,France
8435,France
8436,France
8437,France
8438,France
8439,France
8440,France
8441,France
8442,France
8443,France
8444,France
8445,France
8446,France
8447,France
8448,France
8449,France
8450,France
8451,France
8452,France
8453,France
8454,France
8455,France
8456,France
8457,France
8458,France
8459,France
8460,France
8461,France
8462,France
8463,France
8464,France
8465,France
8466,France
8467,France
8468,France
8469,France
8470,France
8471,France
8472,France
8473,France
8474,France
8475,France
8476,France
8477,France
8478,France
8479,France
8480,France
8481,France
8482,France
8483,France
8484,France
8485,France
8486,France
8487,France
8488,France
8489,France
8490,France
8491,France
8492,France
8493,France
8494,France
8495,France
8496,France
8497,France
8498,France
8499,France
8500,France
8501,France
8502,France
8503,France
8504,France
8505,France
8506,France
8507,France
8508,France
8509,France
8510,France
8511,France
8512,France
8513,France
8514,France
8515,France
8516,France
8517,France
8518,France
8519,France
8520,France
8521,France
8522,France
8523,France
8524,France
8525,France
8526,France
8527,France
8528,France
8529,France
8530,France
8531,France
8532,France
8533,France
8534,France
8535,France
8536,France
8537,France
8538,France
8539,France
8540,France
8541,France
8542,France
8543,France
8544,France
8545,France
8546,France
8547,France
8548,France
8549,France
8550,France
8551,France
8552,France
8553,France
8554,France
8555,France
8556,France
8557,France
8558,France
8559,France
8560,France
8561,France
8562,France
8563,France
8564,France
8565,France
8566,France
8567,France
8568,France
8569,France
8570,France
8571,France
8572,France
8573,France
8574,France
8575,France
8576,France
8577,France
8578,France
8579,France
8580,France
8581,France
8582,France
8583,France
8584,France
8585,France
8586,France
8587,France
8588,France
8589,France
8590,France
8591,France
8592,France
8593,France
8594,France
8595,France
8596,France
8597,France
8598,France
8599,France
8600,France
8601,France
8602,France
8603,France
8604,France
8605,France
8606,France
8607,France
8608,France
8609,France
8610,France
8611,France
8612,France
8613,France
8614,France
8615,France
8616,France
8617,France
8618,France
8619,France
8620,France
8621,France
8622,France
8623,France
8624,France
8625,France
8626,France
8627,France
8628,France
8629,France
8630,France
8631,France
8632,France
8633,France
8634,France
8635,France
8636,France
8637,France
8638,France
8639,France
8640,France
8641,France
8642,France
8643,France
8644,France
8645,France
8646,France
8647,France
8648,France
8649,France
8650,France
8651,France
8652,France
8653,France
8654,France
8655,France
8656,France
8657,France
8658,France
8659,France
8660,France
8661,France
8662,France
8663,France
8664,France
8665,France
8666,France
8667,France
8668,France
8669,France
8670,France
8671,France
8672,France
8673,France
8674,France
8675,France
8676,France
8677,France
8678,France
8679,France
8680,France
8681,France
8682,France
8683,France
8684,France
8685,France
8686,France
8687,France
8688,France
8689,France
8690,France
8691,France
8692,France
8693,France
8694,France
8695,France
8696,France
8697,France
8698,France
8699,France
8700,France
8701,France
8702,France
8703,France
8704,France
8705,France
8706,France
8707,France
8708,France
8709,France
8710,France
8711,France
8712,France
8713,France
8714,France
8715,France
8716,France
8717,France
8718,France
8719,France
8720,France
8721,France
8722,France
8723,France
8724,France
8725,France
8726,France
8727,France
8728,France
8729,France
8730,France
8731,France
8732,France
8733,France
8734,France
8735,France
8736,France
8737,France
8738,France
8739,France
8740,France
8741,France
8742,France
8743,France
8744,France
8745,France
8746,France
8747,France
8748,France
8749,France
8750,France
8751,France
8752,France
8753,France
8754,France
8755,France
8756,France
8757,France
8758,France
8759,France
8760,France
8761,France
8762,France
8763,France
8764,France
8765,France
8766,France
8767,France
8768,France
8769,France
8770,France
8771,France
8772,France
8773,France
8774,France
8775,France
8776,France
8777,France
8778,France
8779,France
8780,France
8781,France
8782,France
8783,France
8784,France
8785,France
8786,France
8787,France
8788,France
8789,France
8790,France
8791,France
8792,France
8793,France
8794,France
8795,France
8796,France
8797,France
8798,France
8799,France
8800,France
8801,France
8802,France
8803,France
8804,France
8805,France
8806,France
8807,France
8808,France
8809,France
8810,France
8811,France
8812,France
8813,France
8814,France
8815,France
8816,France
8817,France
8818,France
8819,France
8820,France
8821,France
8822,France
8823,France
8824,France
8825,France
8826,France
8827,France
8828,France
8829,France
8830,France
8831,France
8832,France
8833,France
8834,France
8835,France
8836,France
8837,France
8838,France
8839,France
8840,France
8841,France
8842,France
8843,France
8844,France
8845,France
8846,France
8847,France
8848,France
8849,France
8850,France
8851,France
8852,France
8853,France
8854,France
8855,France
8856,France
8857,France
8858,France
8859,France
8860,France
8861,France
8862,France
8863,France
8864,France
8865,France
8866,France
8867,France
8868,France
8869,France
8870,France
8871,France
8872,France
8873,France
8874,France
8875,France
8876,France
8877,France
8878,France
8879,France
8880,France
8881,France
8882,France
8883,France
8884,France
8885,France
8886,France
8887,France
8888,France
8889,France
8890,France
8891,France
8892,France
8893,France
8894,France
8895,France
8896,France
8897,France
8898,France
8899,France
8900,France
8901,France
8902,France
8903,France
8904,France
8905,France
8906,France
8907,France
8908,France
8909,France
8910,France
8911,France
8912,France
8913,France
8914,France
8915,France
8916,France
8917,France
8918,France
8919,France
8920,France
8921,France
8922,France
8923,France
8924,France
8925,France
8926,France
8927,France
8928,France
8929,France
8930,France
8931,France
8932,France
8933,France
8934,France
8935,France
8936,France
8937,France
8938,France
8939,France
8940,France
8941,France
8942,France
8943,France
8944,France
8945,France
8946,France
8947,France
8948,France
8949,France
8950,France
8951,France
8952,France
8953,France
8954,France
8955,France
8956,France
8957,France
8958,France
8959,France
8960,France
8961,France
8962,France
8963,France
8964,France
8965,France
8966,France
8967,France
8968,France
8969,France
8970,France
8971,France
8972,France
8973,France
8974,France
8975,France
8976,France
8977,France
8978,France
8979,France
8980,France
8981,France
8982,France
8983,France
8984,France
8985,France
8986,France
8987,France
8988,France
8989,France
8990,France
8991,France
8992,France
8993,France
8994,France
8995,France
8996,France
8997,France
8998,France
8999,France
9000,France
9001,France
9002,France
9003,France
9004,France
9005,France
9006,France
9007,France
9008,France
9009,France
9010,France
9011,France
9012,France
9013,France
9014,France
9015,France
9016,France
9017,France
9018,France
9019,France
9020,France
9021,France
9022,France
9023,France
9024,France
9025,France
9026,France
9027,France
9028,France
9029,France
9030,France
9031,France
9032,France
9033,France
9034,France
9035,France
9036,France
9037,France
9038,France
9039,France
9040,France
9041,France
9042,France
9043,France
9044,France
9045,France
9046,France
9047,France
9048,France
9049,France
9050,France
9051,France
9052,France
9053,France
9054,France
9055,France
9056,France
9057,France
9058,France
9059,France
9060,France
9061,France
9062,France
9063,France
9064,France
9065,France
9066,France
9067,France
9068,France
9069,France
9070,France
9071,France
9072,France
9073,France
9074,France
9075,France
9076,France
9077,France
9078,France
9079,France
9080,France
9081,France
9082,France
9083,France
9084,France
9085,France
9086,France
9087,France
9088,France
9089,France
9090,France
9091,France
9092,France
9093,France
9094,France
9095,France
9096,France
9097,France
9098,France
9099,France
9100,France
9101,France
9102,France
9103,France
9104,France
9105,France
9106,France
9107,France
9108,France
9109,France
9110,France
9111,France
9112,France
9113,France
9114,France
9115,France
9116,France
9117,France
9118,France
9119,France
9120,France
9121,France
9122,France
9123,France
9124,France
9125,France
9126,France
9127,France
9128,France
9129,France
9130,France
9131,France
9132,France
9133,France
9134,France
9135,France
9136,France
9137,France
9138,France
9139,France
9140,France
9141,France
9142,France
9143,France
9144,France
9145,France
9146,France
9147,France
9148,France
9149,France
9150,France
9151,France
9152,France
9153,France
9154,France
9155,France
9156,France
9157,France
9158,France
9159,France
9160,France
9161,France
9162,France
9163,France
9164,France
9165,France
9166,France
9167,France
9168,France
9169,France
9170,France
9171,France
9172,France
9173,France
9174,France
9175,France
9176,France
9177,France
9178,France
9179,France
9180,France
9181,France
9182,France
9183,France
9184,France
9185,France
9186,France
9187,France
9188,France
9189,France
9190,France
9191,France
9192,France
9193,France
9194,France
9195,France
9196,France
9197,France
9198,France
9199,France
9200,France
9201,France
9202,France
9203,France
9204,France
9205,France
9206,France
9207,France
9208,France
9209,France
9210,France
9211,France
9212,France
9213,France
9214,France
9215,France
9216,France
9217,France
9218,France
9219,France
9220,France
9221,France
9222,France
9223,France
9224,France
9225,France
9226,France
9227,France
9228,France
9229,France
9230,France
9231,France
9232,France
9233,France
9234,France
9235,France
9236,France
9237,France
9238,France
9239,France
9240,France
9241,France
9242,France
9243,France
9244,France
9245,France
9246,France
9247,France
9248,France
9249,France
9250,France
9251,France
9252,France
9253,France
9254,France
9255,France
9256,France
9257,France
9258,France
9259,France
9260,France
9261,France
9262,France
9263,France
9264,France
9265,France
9266,France
9267,France
9268,France
9269,France
9270,France
9271,France
9272,France
9273,France
9274,France
9275,France
9276,France
9277,France
9278,France
9279,France
9280,France
9281,France
9282,France
9283,France
9284,France
9285,France
9286,France
9287,France
9288,France
9289,France
9290,France
9291,France
9292,France
9293,France
9294,France
9295,France
9296,France
9297,France
9298,France
9299,France
9300,France
9301,France
9302,France
9303,France
9304,France
9305,France
9306,France
9307,France
9308,France
9309,France
9310,France
9311,France
9312,France
9313,France
9314,France
9315,France
9316,France
9317,France
9318,France
9319,France
9320,France
9321,France
9322,France
9323,France
9324,France
9325,France
9326,France
9327,France
9328,France
9329,France
9330,France
9331,France
9332,France
9333,France
9334,France
9335,France
9336,France
9337,France
9338,France
9339,France
9340,France
9341,France
9342,France
9343,France
9344,France
9345,France
9346,France
9347,France
9348,France
9349,France
9350,France
9351,France
9352,France
9353,France
9354,France
9355,France
9356,France
9357,France
9358,France
9359,France
9360,France
9361,France
9362,France
9363,France
9364,France
9365,France
9366,France
9367,France
9368,France
9369,France
9370,France
9371,France
9372,France
9373,France
9374,France
9375,France
9376,France
9377,France
9378,France
9379,France
9380,France
9381,France
9382,France
9383,France
9384,France
9385,France
9386,France
9387,France
9388,France
9389,France
9390,France
9391,France
9392,France
9393,France
9394,France
9395,France
9396,France
9397,France
9398,France
9399,France
9400,France
9401,France
9402,France
9403,France
9404,France
9405,France
9406,France
9407,France
9408,France
9409,France
9410,France
9411,France
9412,France
9413,France
9414,France
9415,France
9416,France
9417,France
9418,France
9419,France
9420,France
9421,France
9422,France
9423,France
9424,France
9425,France
9426,France
9427,France
9428,France
9429,France
9430,France
9431,France
9432,France
9433,France
9434,France
9435,France
9436,France
9437,France
9438,France
9439,France
9440,France
9441,France
9442,France
9443,France
9444,France
9445,France
9446,France
9447,France
9448,France
9449,France
9450,France
9451,France
9452,France
9453,France
9454,France
9455,France
9456,France
9457,France
9458,France
9459,France
9460,France
9461,France
9462,France
9463,France
9464,France
9465,France
9466,France
9467,France
9468,France
9469,France
9470,France
9471,France
9472,France
9473,France
9474,France
9475,France
9476,France
9477,France
9478,France
9479,France
9480,France
9481,France
9482,France
9483,France
9484,France
9485,France
9486,France
9487,France
9488,France
9489,France
9490,France
9491,France
9492,France
9493,France
9494,France
9495,France
9496,France
9497,France
9498,France
9499,France
9500,France
9501,France
9502,France
9503,France
9504,France
9505,France
9506,France
9507,France
9508,France
9509,France
9510,France
9511,France
9512,France
9513,France
9514,France
9515,France
9516,France
9517,France
9518,France
9519,France
9520,France
9521,France
9522,France
9523,France
9524,France
9525,France
9526,France
9527,France
9528,France
9529,France
9530,France
9531,France
9532,France
9533,France
9534,France
9535,France
9536,France
9537,France
9538,France
9539,France
9540,France
9541,France
9542,France
9543,France
9544,France
9545,France
9546,France
9547,France
9548,France
9549,France
9550,France
9551,France
9552,France
9553,France
9554,France
9555,France
9556,France
9557,France
9558,France
9559,France
9560,France
9561,France
9562,France
9563,France
9564,France
9565,France
9566,France
9567,France
9568,France
9569,France
9570,France
9571,France
9572,France
9573,France
9574,France
9575,France
9576,France
9577,France
9578,France
9579,France
9580,France
9581,France
9582,France
9583,France
9584,France
9585,France
9586,France
9587,France
9588,France
9589,France
9590,France
9591,France
9592,France
9593,France
9594,France
9595,France
9596,France
9597,France
9598,France
9599,France
9600,France
9601,France
9602,France
9603,France
9604,France
9605,France
9606,France
9607,France
9608,France
9609,France
9610,France
9611,France
9612,France
9613,France
9614,France
9615,France
9616,France
9617,France
9618,France
9619,France
9620,France
9621,France
9622,France
9623,France
9624,France
9625,France
9626,France
9627,France
9628,France
9629,France
9630,France
9631,France
9632,France
9633,France
9634,France
9635,France
9636,France
9637,France
9638,France
9639,France
9640,France
9641,France
9642,France
9643,France
9644,France
9645,France
9646,France
9647,France
9648,France
9649,France
9650,France
9651,France
9652,France
9653,France
9654,France
9655,France
9656,France
9657,France
9658,France
9659,France
9660,France
9661,France
9662,France
9663,France
9664,France
9665,France
9666,France
9667,France
9668,France
9669,France
9670,France
9671,France
9672,France
9673,France
9674,France
9675,France
9676,France
9677,France
9678,France
9679,France
9680,France
9681,France
9682,France
9683,France
9684,France
9685,France
9686,France
9687,France
9688,France
9689,France
9690,France
9691,France
9692,France
9693,France
9694,France
9695,France
9696,France
9697,France
9698,France
9699,France
9700,France
9701,France
9702,France
9703,France
9704,France
9705,France
9706,France
9707,France
9708,France
9709,France
9710,France
9711,France
9712,France
9713,France
9714,France
9715,France
9716,France
9717,France
9718,France
9719,France
9720,France
9721,France
9722,France
9723,France
9724,France
9725,France
9726,France
9727,France
9728,France
9729,France
9730,France
9731,France
9732,France
9733,France
9734,France
9735,France
9736,France
9737,France
9738,France
9739,France
9740,France
9741,France
9742,France
9743,France
9744,France
9745,France
9746,France
9747,France
9748,France
9749,France
9750,France
9751,France
9752,France
9753,France
9754,France
9755,France
9756,France
9757,France
9758,France
9759,France
9760,France
9761,France
9762,France
9763,France
9764,France
9765,France
9766,France
9767,France
9768,France
9769,France
9770,France
9771,France
9772,France
9773,France
9774,France
9775,France
9776,France
9777,France
9778,France
9779,France
9780,France
9781,France
9782,France
9783,France
9784,France
9785,France
9786,France
9787,France
9788,France
9789,France
9790,France
9791,France
9792,France
9793,France
9794,France
9795,France
9796,France
9797,France
9798,France
9799,France
9800,France
9801,France
9802,France
9803,France
9804,France
9805,France
9806,France
9807,France
9808,France
9809,France
9810,France
9811,France
9812,France
9813,France
9814,France
9815,France
9816,France
9817,France
9818,France
9819,France
9820,France
9821,France
9822,France
9823,France
9824,France
9825,France
9826,France
9827,France
9828,France
9829,France
9830,France
9831,France
9832,France
9833,France
9834,France
9835,France
9836,France
9837,France
9838,France
9839,France
9840,France
9841,France
9842,France
9843,France
9844,France
9845,France
9846,France
9847,France
9848,France
9849,France
9850,France
9851,France
9852,France
9853,France
9854,France
9855,France
9856,France
9857,France
9858,France
9859,France
9860,France
9861,France
9862,France
9863,France
9864,France
9865,France
9866,France
9867,France
9868,France
9869,France
9870,France
9871,France
9872,France
9873,France
9874,France
9875,France
9876,France
9877,France
9878,France
9879,France
9880,France
9881,France
9882,France
9883,France
9884,France
9885,France
9886,France
9887,France
9888,France
9889,France
9890,France
9891,France
9892,France
9893,France
9894,France
9895,France
9896,France
9897,France
9898,France
9899,France
9900,France
9901,France
9902,France
9903,France
9904,France
9905,France
9906,France
9907,France
9908,France
9909,France
9910,France
9911,France
9912,France
9913,France
9914,France
9915,France
9916,France
9917,France
9918,France
9919,France
9920,France
9921,France
9922,France
9923,France
9924,France
9925,France
9926,France
9927,France
9928,France
9929,France
9930,France
9931,France
9932,France
9933,France
9934,France
9935,France
9936,France
9937,France
9938,France
9939,France
9940,France
9941,France
9942,France
9943,France
9944,France
9945,France
9946,France
9947,France
9948,France
9949,France
9950,France
9951,France
9952,France
9953,France
9954,France
9955,France
9956,France
9957,France
9958,France
9959,France
9960,France
9961,France
9962,France
9963,France
9964,France
9965,France
9966,France
9967,France
9968,France
9969,France
9970,France
9971,France
9972,France
9973,France
9974,France
9975,France
9976,France
9977,France
9978,France
9979,France
9980,France
9981,France
9982,France
9983,France
9984,France
9985,France
9986,France
9987,France
9988,France
9989,France
9990,France
9991,France
9992,France
9993,France
9994,France
9995,France
9996,France
9997,France
9998,France
9999,France
10000,France
10001,France
10002,France
10003,France
10004,France
10005,France
10006,France
10007,France
10008,France
10009,France
10010,France
10011,France
10012,France
10013,France
10014,France
10015,France
10016,France
10017,France
10018,France
10019,France
10020,France
10021,France
10022,France
10023,France
10024,France
10025,France
10026,France
10027,France
10028,France
10029,France
10030,France
10031,France
10032,France
10033,France
10034,France
10035,France
10036,France
10037,France
10038,France
10039,France
10040,France
10041,France
10042,France
10043,France
10044,France
10045,France
10046,France
10047,France
10048,France
10049,France
10050,France
10051,France
10052,France
10053,France
10054,France
10055,France
10056,France
10057,France
10058,France
10059,France
10060,France
10061,France
10062,France
10063,France
10064,France
10065,France
10066,France
10067,France
10068,France
10069,France
10070,France
10071,France
10072,France
10073,France
10074,France
10075,France
10076,France
10077,France
10078,France
10079,France
10080,France
10081,France
10082,France
10083,France
10084,France
10085,France
10086,France
10087,France
10088,France
10089,France
10090,France
10091,France
10092,France
10093,France
10094,France
10095,France
10096,France
10097,France
10098,France
10099,France
10100,France
10101,France
10102,France
10103,France
10104,France
10105,France
10106,France
10107,France
10108,France
10109,France
10110,France
10111,France
10112,France
10113,France
10114,France
10115,France
10116,France
10117,France
10118,France
10119,France
10120,France
10121,France
10122,France
10123,France
10124,France
10125,France
10126,France
10127,France
10128,France
10129,France
10130,France
10131,France
10132,France
10133,France
10134,France
10135,France
10136,France
10137,France
10138,France
10139,France
10140,France
10141,France
10142,France
10143,France
10144,France
10145,France
10146,France
10147,France
10148,France
10149,France
10150,France
10151,France
10152,France
10153,France
10154,France
10155,France
10156,France
10157,France
10158,France
10159,France
10160,France
10161,France
10162,France
10163,France
10164,France
10165,France
10166,France
10167,France
10168,France
10169,France
10170,France
10171,France
10172,France
10173,France
10174,France
10175,France
10176,France
10177,France
10178,France
10179,France
10180,France
10181,France
10182,France
10183,France
10184,France
10185,France
10186,France
10187,France
10188,France
10189,France
10190,France
10191,France
10192,France
10193,France
10194,France
10195,France
10196,France
10197,France
10198,France
10199,France
10200,France
10201,France
10202,France
10203,France
10204,France
10205,France
10206,France
10207,France
10208,France
10209,France
10210,France
10211,France
10212,France
10213,France
10214,France
10215,France
10216,France
10217,France
10218,France
10219,France
10220,France
10221,France
10222,France
10223,France
10224,France
10225,France
10226,France
10227,France
10228,France
10229,France
10230,France
10231,France
10232,France
10233,France
10234,France
10235,France
10236,France
10237,France
10238,France
10239,France
10240,France
10241,France
10242,France
10243,France
10244,France
10245,France
10246,France
10247,France
10248,France
10249,France
10250,France
10251,France
10252,France
10253,France
10254,France
10255,France
10256,France
10257,France
10258,France
10259,France
10260,France
10261,France
10262,France
10263,France
10264,France
10265,France
10266,France
10267,France
10268,France
10269,France
10270,France
10271,France
10272,France
10273,France
10274,France
10275,France
10276,France
10277,France
10278,France
10279,France
10280,France
10281,France
10282,France
10283,France
10284,France
10285,France
10286,France
10287,France
10288,France
10289,France
10290,France
10291,France
10292,France
10293,France
10294,France
10295,France
10296,France
10297,France
10298,France
10299,France
10300,France
10301,France
10302,France
10303,France
10304,France
10305,France
10306,France
10307,France
10308,France
10309,France
10310,France
10311,France
10312,France
10313,France
10314,France
10315,France
10316,France
10317,France
10318,France
10319,France
10320,France
10321,France
10322,France
10323,France
10324,France
10325,France
10326,France
10327,France
10328,France
10329,France
10330,France
10331,France
10332,France
10333,France
10334,France
10335,France
10336,France
10337,France
10338,France
10339,France
10340,France
10341,France
10342,France
10343,France
10344,France
10345,France
10346,France
10347,France
10348,France
10349,France
10350,France
10351,France
10352,France
10353,France
10354,France
10355,France
10356,France
10357,France
10358,France
10359,France
10360,France
10361,France
10362,France
10363,France
10364,France
10365,France
10366,France
10367,France
10368,France
10369,France
10370,France
10371,France
10372,France
10373,France
10374,France
10375,France
10376,France
10377,France
10378,France
10379,France
10380,France
10381,France
10382,France
10383,France
10384,France
10385,France
10386,France
10387,France
10388,France
10389,France
10390,France
10391,France
10392,France
10393,France
10394,France
10395,France
10396,France
10397,France
10398,France
10399,France
10400,France
10401,France
10402,France
10403,France
10404,France
10405,France
10406,France
10407,France
10408,France
10409,France
10410,France
10411,France
10412,France
10413,France
10414,France
10415,France
10416,France
10417,France
10418,France
10419,France
10420,France
10421,France
10422,France
10423,France
10424,France
10425,France
10426,France
10427,France
10428,France
10429,France
10430,France
10431,France
10432,France
10433,France
10434,France
10435,France
10436,France
10437,France
10438,France
10439,France
10440,France
10441,France
10442,France
10443,France
10444,France
10445,France
10446,France
10447,France
10448,France
10449,France
10450,France
10451,France
10452,France
10453,France
10454,France
10455,France
10456,France
10457,France
10458,France
10459,France
10460,France
10461,France
10462,France
10463,France
10464,France
10465,France
10466,France
10467,France
10468,France
10469,France
10470,France
10471,France
10472,France
10473,France
10474,France
10475,France
10476,France
10477,France
10478,France
10479,France
10480,France
10481,France
10482,France
10483,France
10484,France
10485,France
10486,France
10487,France
10488,France
10489,France
10490,France
10491,France
10492,France
10493,France
10494,France
10495,France
10496,France
10497,France
10498,France
10499,France
10500,France
10501,France
10502,France
10503,France
10504,France
10505,France
10506,France
10507,France
10508,France
10509,France
10510,France
10511,France
10512,France
10513,France
10514,France
10515,France
10516,France
10517,France
10518,France
10519,France
10520,France
10521,France
10522,France
10523,France
10524,France
10525,France
10526,France
10527,France
10528,France
10529,France
10530,France
10531,France
10532,France
10533,France
10534,France
10535,France
10536,France
10537,France
10538,France
10539,France
10540,France
10541,France
10542,France
10543,France
10544,France
10545,France
10546,France
10547,France
10548,France
10549,France
10550,France
10551,France
10552,France
10553,France
10554,France
10555,France
10556,France
10557,France
10558,France
10559,France
10560,France
10561,France
10562,France
10563,France
10564,France
10565,France
10566,France
10567,France
10568,France
10569,France
10570,France
10571,France
10572,France
10573,France
10574,France
10575,France
10576,France
10577,France
10578,France
10579,France
10580,France
10581,France
10582,France
10583,France
10584,France
10585,France
10586,France
10587,France
10588,France
10589,France
10590,France
10591,France
10592,France
10593,France
10594,France
10595,France
10596,France
10597,France
10598,France
10599,France
10600,France
10601,France
10602,France
10603,France
10604,France
10605,France
10606,France
10607,France
10608,France
10609,France
10610,France
10611,France
10612,France
10613,France
10614,France
10615,France
10616,France
10617,France
10618,France
10619,France
10620,France
10621,France
10622,France
10623,France
10624,France
10625,France
10626,France
10627,France
10628,France
10629,France
10630,France
10631,France
10632,France
10633,France
10634,France
10635,France
10636,France
10637,France
10638,France
10639,France
10640,France
10641,France
10642,France
10643,France
10644,France
10645,France
10646,France
10647,France
10648,France
10649,France
10650,France
10651,France
10652,France
10653,France
10654,France
10655,France
10656,France
10657,France
10658,France
10659,France
10660,France
10661,France
10662,France
10663,France
10664,France
10665,France
10666,France
10667,France
10668,France
10669,France
10670,France
10671,France
10672,France
10673,France
10674,France
10675,France
10676,France
10677,France
10678,France
10679,France
10680,France
10681,France
10682,France
10683,France
10684,France
10685,France
10686,France
10687,France
10688,France
10689,France
10690,France
10691,France
10692,France
10693,France
10694,France
10695,France
10696,France
10697,France
10698,France
10699,France
10700,France
10701,France
10702,France
10703,France
10704,France
10705,France
10706,France
10707,France
10708,France
10709,France
10710,France
10711,France
10712,France
10713,France
10714,France
10715,France
10716,France
10717,France
10718,France
10719,France
10720,France
10721,France
10722,France
10723,France
10724,France
10725,France
10726,France
10727,France
10728,France
10729,France
10730,France
10731,France
10732,France
10733,France
10734,France
10735,France
10736,France
10737,France
10738,France
10739,France
10740,France
10741,France
10742,France
10743,France
10744,France
10745,France
10746,France
10747,France
10748,France
10749,France
10750,France
10751,France
10752,France
10753,France
10754,France
10755,France
10756,France
10757,France
10758,France
10759,France
10760,France
10761,France
10762,France
10763,France
10764,France
10765,France
10766,France
10767,France
10768,France
10769,France
10770,France
10771,France
10772,France
10773,France
10774,France
10775,France
10776,France
10777,France
10778,France
10779,France
10780,France
10781,France
10782,France
10783,France
10784,France
10785,France
10786,France
10787,France
10788,France
10789,France
10790,France
10791,France
10792,France
10793,France
10794,France
10795,France
10796,France
10797,France
10798,France
10799,France
10800,France
10801,France
10802,France
10803,France
10804,France
10805,France
10806,France
10807,France
10808,France
10809,France
10810,France
10811,France
10812,France
10813,France
10814,France
10815,France
10816,France
10817,France
10818,France
10819,France
10820,France
10821,France
10822,France
10823,France
10824,France
10825,France
10826,France
10827,France
10828,France
10829,France
10830,France
10831,France
10832,France
10833,France
10834,France
10835,France
10836,France
10837,France
10838,France
10839,France
10840,France
10841,France
10842,France
10843,France
10844,France
10845,France
10846,France
10847,France
10848,France
10849,France
10850,France
10851,France
10852,France
10853,France
10854,France
10855,France
10856,France
10857,France
10858,France
10859,France
10860,France
10861,France
10862,France
10863,France
10864,France
10865,France
10866,France
10867,France
10868,France
10869,France
10870,France
10871,France
10872,France
10873,France
10874,France
10875,France
10876,France
10877,France
10878,France
10879,France
10880,France
10881,France
10882,France
10883,France
10884,France
10885,France
10886,France
10887,France
10888,France
10889,France
10890,France
10891,France
10892,France
10893,France
10894,France
10895,France
10896,France
10897,France
10898,France
10899,France
10900,France
10901,France
10902,France
10903,France
10904,France
10905,France
10906,France
10907,France
10908,France
10909,France
10910,France
10911,France
10912,France
10913,France
10914,France
10915,France
10916,France
10917,France
10918,France
10919,France
10920,France
10921,France
10922,France
10923,France
10924,France
10925,France
10926,France
10927,France
10928,France
10929,France
10930,France
10931,France
10932,France
10933,France
10934,France
10935,France
10936,France
10937,France
10938,France
10939,France
10940,France
10941,France
10942,France
10943,France
10944,France
10945,France
10946,France
10947,France
10948,France
10949,France
10950,France
10951,France
10952,France
10953,France
10954,France
10955,France
10956,France
10957,France
10958,France
10959,France
10960,France
10961,France
10962,France
10963,France
10964,France
10965,France
10966,France
10967,France
10968,France
10969,France
10970,France
10971,France
10972,France
10973,France
10974,France
10975,France
10976,France
10977,France
10978,France
10979,France
10980,France
10981,France
10982,France
10983,France
10984,France
10985,France
10986,France
10987,France
10988,France
10989,France
10990,France
10991,France
10992,France
10993,France
10994,France
10995,France
10996,France
10997,France
10998,France
10999,France
11000,France
11001,France
11002,France
11003,France
11004,France
11005,France
11006,France
11007,France
11008,France
11009,France
11010,France
11011,France
11012,France
11013,France
11014,France
11015,France
11016,France
11017,France
11018,France
